City_ID,Action_Name,Action_ID,Start Date (Date),End Date (Date),Costs (Number),Scope (String),Measure (Label),Short Description (Text)
Shanghai,Metro Line 1 Opening,A0001,1995/04,Ongoing,N/A,City-wide,Expansion of Public Local Transport,First metro line in Shanghai connecting northern and southern districts with initial section opening for revenue service. The line was later extended multiple times to improve connectivity across the city.
Shanghai,Metro Line 2 Opening,A0002,2000/06,Ongoing,N/A,City-wide,Expansion of Public Local Transport,Second metro line opening with initial phase connecting key areas of the city. The line eventually linked both Hongqiao and Pudong International Airports by 2010.
Shanghai,Metro Line 3 Opening,A0003,2001/12,Ongoing,N/A,City-wide,Expansion of Public Local Transport,Pearl Line opening as an elevated metro route covering major districts and becoming part of the expanding metro network to reduce private vehicle dependence.
Shanghai,Metro Line 4 Opening,A0004,2006/01,Ongoing,N/A,City-wide,Expansion of Public Local Transport,New metro line joining the network with partial route overlapping with Line 3. The line became a circular route in 2007 enhancing connectivity throughout the city.
Shanghai,Metro Line 5 Opening,A0005,2003/11,Ongoing,N/A,Medium (District/Corridor),Expansion of Public Local Transport,Metro line opening to serve suburban areas with progressive extensions improving access to outer districts and supporting urban decentralization goals.
Shanghai,Electric and Hybrid Bus Pilot,A0006,2006/01,2015/12,N/A,Pilot,Alternative Drive Systems and Sharing Offers,Shanghai became the leading Chinese city implementing electric and hybrid buses with pilot programs to test low-emission public transport technologies.
Shanghai,Expo 2010 Metro Expansion,A0007,2010/04,2010/12,N/A,City-wide,Expansion of Public Local Transport,Major metro system expansion for World Expo 2010 bringing total network to 11 lines and 407 km making Shanghai metro the world's longest at that time.
Shanghai,Shanghai-Nanjing Intercity Rail,A0008,2010/07,Ongoing,N/A,City-wide,Expansion of Public Long-Distance Transport,High-speed intercity railway line opening simultaneously with Hongqiao Railway Station providing rapid connections to neighboring cities in the Yangtze River Delta.
Shanghai,Hongqiao Railway Station Opening,A0009,2010/07,Ongoing,N/A,City-wide,Expansion of Public Long-Distance Transport,Major high-speed railway hub opening as part of integrated transportation complex connecting Beijing-Shanghai high-speed rail and other intercity lines with metro and airport access.
Shanghai,Shanghai Street Design Guide,A0010,2016/01,Ongoing,N/A,City-wide,Expansion of Pedestrian Paths,Seminal urban design guide published emphasizing walking and cycling while reducing vehicle space marking a shift toward pedestrian-first urban planning principles.
Shanghai,Dedicated Bicycle Paths Network,A0011,2016/01,Ongoing,N/A,City-wide,Expansion of Bicycle Paths,Systematic development of dedicated cycling paths separated from motor traffic connecting key destinations including hospitals schools and metro stations to promote safe cycling.
Shanghai,Mobike Launch,A0012,2016/04,Ongoing,N/A,City-wide,Alternative Drive Systems and Sharing Offers,World's first free-floating bike-sharing scheme launching in Shanghai with GPS-equipped bikes providing flexible last-mile transportation solutions aligned with green transport goals.
Shanghai,Bike Sharing Expansion,A0013,2017/01,2017/12,N/A,City-wide,Alternative Drive Systems and Sharing Offers,Massive expansion of dockless bike-sharing services with multiple operators deploying bikes across the city though later regulated due to oversupply issues.
Shanghai,Bus Fleet Electrification Program,A0014,2018/01,2020/12,N/A,City-wide,Alternative Drive Systems and Sharing Offers,Progressive replacement of diesel buses with electric buses targeting completion ahead of original schedule to reduce emissions and noise pollution in public transportation.
Shanghai,Metro Network to 545km,A0015,2015/12,Ongoing,N/A,City-wide,Expansion of Public Local Transport,Metro network expansion reaching 545 km in length demonstrating continuous investment in urban rail transit to serve growing population and reduce road congestion.
Shanghai,Smart Traffic Signal System Phase 1,A0016,2015/01,2018/12,N/A,Medium (District/Corridor),Intelligent Traffic Control,Deployment of intelligent traffic signal management system at key intersections using real-time data to optimize traffic flow and reduce congestion during peak hours.
Shanghai,Electronic Police Camera Network,A0017,2015/01,Ongoing,N/A,City-wide,Intelligent Traffic Control,Expansion of multi-functional electronic surveillance system for off-site traffic law enforcement improving road safety and reducing violations through automated monitoring.
Shanghai,Pedestrian Jaywalking Detection System,A0018,2018/01,Ongoing,N/A,Pilot,Intelligent Traffic Control,First-in-country pedestrian warning system at major intersections automatically detecting jaywalking attempts and issuing warnings to improve pedestrian safety.
Shanghai,Green Wave Traffic Coordination,A0019,2018/01,Ongoing,N/A,Medium (District/Corridor),Intelligent Traffic Control,AI-powered traffic light synchronization system using real-time data to create coordinated green waves reducing stop-and-go traffic and improving flow efficiency.
Shanghai,Changning District Building Retrofit,A0020,2015/01,2017/12,N/A,Medium (District/Corridor),Energy-efficient Building Refurbishment,Low-carbon building retrofit pilot in Changning District with 44 sub-projects achieving significant energy savings through efficiency improvements in public and commercial buildings.
Shanghai,Public Building Energy Retrofit Program,A0021,2013/01,2020/12,N/A,City-wide,Energy-efficient Building Refurbishment,Government subsidy program supporting energy efficiency retrofits in public buildings achieving over 20 percent energy consumption reduction per square meter through various technologies.
Shanghai,Residential Building Insulation Program,A0022,2013/01,2020/12,N/A,City-wide,Energy-efficient Building Refurbishment,Large-scale program retrofitting existing residential buildings with improved insulation and energy-efficient systems as part of national green building action plan.
Shanghai,Green Building Certification Expansion,A0023,2015/01,2020/12,N/A,City-wide,Energy-efficient Building Refurbishment,Expansion of green building evaluation standard certification requiring new buildings to meet energy efficiency codes and promoting three-star rated sustainable construction.
Shanghai,Shanghai Tower Green Features,A0024,2015/01,Ongoing,N/A,Pilot,Energy-efficient Building Refurbishment,Iconic sustainable building demonstrating 43 green technologies achieving 21 percent energy reduction and LEED Gold plus three-star China Green Building certification.
Shanghai,Urban Forest Carbon Sequestration,A0025,2010/01,Ongoing,N/A,City-wide,Green Infrastructure (Carbon Sinks),Development and maintenance of urban forests providing carbon storage with estimated forest biomass carbon and soil organic carbon contributing to citywide climate mitigation.
Shanghai,Park System Expansion,A0026,2015/01,2020/12,N/A,City-wide,Green Infrastructure (Carbon Sinks),Strategic expansion of urban parks and green spaces increasing total green space area to enhance carbon sequestration capacity and improve urban ecological functions.
Shanghai,Thousand Parks Plan Launch,A0027,2022/01,Ongoing,N/A,City-wide,Green Infrastructure (Carbon Sinks),Ambitious plan to increase city parks to over 1000 by 2025 while building key ecological corridors and expanding forest coverage to 19.5 percent for enhanced carbon sinks.
Shanghai,Green Space Coverage Target,A0028,2015/01,Ongoing,N/A,City-wide,Green Infrastructure (Carbon Sinks),Systematic increase in urban green space coverage with green spaces accounting for significant portion of city area providing ecosystem services including carbon storage.
Shanghai,Ecological Corridor Development,A0029,2020/01,Ongoing,N/A,City-wide,Green Infrastructure (Carbon Sinks),Construction of eight key ecological corridors including Huangpu River areas and forest zones surrounding new suburban cities to enhance green connectivity and carbon sequestration.
Shanghai,Master Plan 2035 Green Transport,A0030,2017/01,Ongoing,N/A,City-wide,Sustainable Land Management (Avoidance of Urban Sprawl),Comprehensive urban master plan targeting more than 85 percent green transportation modal share promoting compact development and sustainable land use patterns.
Shanghai,Transit-Oriented Development,A0031,2010/01,Ongoing,N/A,City-wide,Sustainable Land Management (Avoidance of Urban Sprawl),Integration of metro station development with high-density mixed-use planning ensuring locations in central areas within 600 meters of subway stations reducing sprawl.
Shanghai,Hongqiao Integrated Hub,A0032,2010/07,Ongoing,N/A,City-wide,Sustainable Land Management (Avoidance of Urban Sprawl),Development of comprehensive transportation hub integrating airport railway station metro and bus terminals in concentrated area promoting efficient land use and multimodal connectivity.
Shanghai,New Cities Suburban Strategy,A0033,2015/01,Ongoing,N/A,City-wide,Sustainable Land Management (Avoidance of Urban Sprawl),Strategic development of five new suburban cities with self-contained infrastructure and green space preventing uncontrolled sprawl while accommodating population growth through planned urbanization.
Karachi,Green Line BRT Launch,A0034,2021/12,Ongoing,N/A,City-wide,Expansion of Public Local Transport,The Green Line Bus Rapid Transit system became operational with 80 hybrid buses serving a 22-kilometer route from Surjani to Numaish with 22 stations. The system features dedicated bus lanes elevated tracks and modern ticketing facilities providing mass transit for approximately 135000 daily passengers.
Karachi,BRT Pedestrian Infrastructure,A0035,2016/02,Ongoing,N/A,Medium (District/Corridor),Expansion of Pedestrian Paths,Pedestrian-friendly walkways and overhead bridges were constructed along the Green Line BRT corridor. The infrastructure includes improved pedestrian facilities and crossing points to ensure safe access to bus stations throughout the corridor.
Karachi,Red Line BRT Development,A0036,2021/12,Ongoing,N/A,Medium (District/Corridor),Expansion of Public Local Transport,Construction began on the 26-kilometer Red Line BRT corridor from Malir Halt to Numaish Chowrangi via University Road with 24 planned stations. The system will feature biomethane-hybrid buses powered by biogas from cattle waste representing the world's first such implementation with projected service for 300000 daily passengers.
Karachi,Red Line Cycling Infrastructure,A0037,2021/12,Ongoing,N/A,Medium (District/Corridor),Expansion of Bicycle Paths,Dedicated cycling tracks were planned along the Red Line BRT corridor as part of the integrated multimodal transport system. The bike lanes provide last-mile connectivity complementing the BRT service.
Karachi,BRT E-Pedicab Service,A0038,2021/12,Ongoing,N/A,Medium (District/Corridor),Alternative Drive Systems and Sharing Offers,Electric pedicabs were introduced as part of the Red Line BRT project to provide last-mile connectivity between BRT stations and final destinations. The e-pedicabs offer zero-emission short-distance transport integrated with the main transit system.
Karachi,Orange Line BRT Operation,A0039,2022/09,Ongoing,N/A,Pilot,Expansion of Public Local Transport,The Orange Line also known as Edhi Line became operational with a 3.9-kilometer route serving Orangi area with four stations. The line provides local public transport connectivity entirely funded by the Sindh provincial government.
Karachi,Yellow Line BRT Planning,A0040,2023/12,Ongoing,N/A,Medium (District/Corridor),Expansion of Public Local Transport,The 22-kilometer Yellow Line BRT project connecting Numaish Chowrangi to Korangi and Landhi was planned with an estimated cost of 428 million dollars. The World Bank committed 382 million dollars in financing with plans for 268 buses and infrastructure improvements including footpaths and pedestrian crossings.
Karachi,Yellow Corridor Road Rehabilitation,A0041,2023/12,Ongoing,N/A,Medium (District/Corridor),Expansion of Pedestrian Paths,The Yellow Corridor project included rehabilitation of road infrastructure with improvements to non-motorized transport facilities including motorcycle lanes footpaths and pedestrian crossings. The work covered the yellow corridor and its feeder routes.
Beijing,Bicycle Highway Opening,A0042,2019/01,Ongoing,N/A,Pilot,Expansion of Bicycle Paths,A 6.5-kilometer elevated cycling-only road known as a bicycle highway was opened by the Beijing Municipal Commission of Transport. The partially elevated infrastructure provides dedicated safe cycling routes separated from vehicular traffic.
Beijing,Cycling Action Plan Launch,A0043,2020/01,Ongoing,N/A,City-wide,Expansion of Bicycle Paths,Beijing launched the Active Transport System Planning and Cycling Action Plan to create a cycling-focused city by 2035. The plan proposes building a continuous safe accessible and comfortable network of cycling facilities suitable for all ages.
Beijing,13th FYP Bike Lane Expansion,A0044,2016/01,2020/12,N/A,City-wide,Expansion of Bicycle Paths,Under the 13th Five-Year Plan Beijing aimed to build 3.2 kilometers of bike lanes within the Third Ring Road by 2020. The initiative promoted cycling as green transportation and defended the existing bicycle modal share.
Beijing,Bike-Sharing System Growth,A0045,2016/01,Ongoing,N/A,City-wide,Alternative Drive Systems and Sharing Offers,Station-less bike-sharing systems including ofo and Mobike launched operations placing millions of shared bicycles on city streets. More than 120 Chinese cities including Beijing provided public bicycle services promoting urban green transport revival.
Beijing,Metro Line 5 Opening,A0046,2007/10,Ongoing,N/A,City-wide,Expansion of Public Local Transport,Line 5 opened as Beijing's first north-south metro line spanning 27.6 kilometers serving important city center areas. The line marked the beginning of rapid metro expansion that transformed Beijing's public transportation network.
Beijing,2008 Olympic Lines Opening,A0047,2008/01,Ongoing,N/A,City-wide,Expansion of Public Local Transport,Three new urban metro lines with 30 additional stations costing 3.2 billion dollars opened for the 2008 Olympics including Line 10 at 25 kilometers plus the Olympic spur and Capital Airport Express. The expansion significantly enhanced public transport capacity.
Beijing,2010 Suburban Lines Expansion,A0048,2010/12,Ongoing,N/A,City-wide,Expansion of Public Local Transport,Five suburban metro lines opened including Lines 15 Changping Fangshan Yizhuang and Daxing adding 108 kilometers of track representing a nearly 50 percent increase. This expansion made Beijing's subway the fourth longest metro system globally at that time.
Beijing,Metro Network 2011-2012 Growth,A0049,2011/12,Ongoing,N/A,City-wide,Expansion of Public Local Transport,Major metro expansions occurred with Line 8 extension to Huilongguan Line 9 opening from Beijing West railway station and Line 6 Phase I launch adding 69.8 kilometers. Beijing's subway network surpassed Shanghai Metro temporarily becoming the world's longest metro system.
Beijing,Distance-Based Fare Implementation,A0050,2014/12,Ongoing,N/A,City-wide,Expansion of Public Local Transport,Beijing Metro switched from a flat 2 yuan fare to a distance-based pricing system for all lines except airport express. The new fare structure starting at 3 yuan for trips up to 6 kilometers aimed to improve system sustainability and manage demand.
Beijing,Electric Bus Pilot Program,A0051,2008/01,Ongoing,N/A,Pilot,Alternative Drive Systems and Sharing Offers,Beijing deployed 50 electric buses to support the 2008 Summer Olympics representing an early commitment to zero-emission public transport. This pilot laid the foundation for large-scale electrification of the bus fleet.
Beijing,E-Bus Fleet Expansion 2013-2014,A0052,2013/01,2014/12,N/A,City-wide,Alternative Drive Systems and Sharing Offers,Beijing planned to increase clean-energy and new-energy buses to 50 percent of its fleet by 2014 up from 80 percent diesel buses. The initiative included 100 pure electric vehicles and nine battery replacement stations serving 160 vehicles.
Beijing,2017-2020 E-Bus Scale-Up,A0053,2017/01,2020/12,N/A,City-wide,Alternative Drive Systems and Sharing Offers,Beijing Public Transport Corporation launched a mission to increase the e-bus fleet from 1000 to over 11000 buses by 2020 accounting for more than 50 percent of the total fleet. By 2020 all buses in Beijing's downtown area and sub-center were powered by electricity.
Beijing,MaaS Platform Launch,A0054,2019/01,Ongoing,N/A,City-wide,Intelligent Traffic Control,Beijing launched a Mobility-as-a-Service platform providing integrated green mobility services. The platform focuses on door-to-door travel combining multiple transport modes with real-time information and carbon-inclusive incentives to promote sustainable transport choices.
Beijing,Smart Traffic Management System,A0055,2015/01,Ongoing,N/A,City-wide,Intelligent Traffic Control,Beijing implemented intelligent traffic management systems using AI to analyze data from traffic cameras and public transport systems. The technology enables real-time traffic signal adjustments to reduce congestion enhance emergency response and optimize urban mobility.
Beijing,Residential Building Retrofit Program,A0056,2007/01,Ongoing,N/A,City-wide,Energy-efficient Building Refurbishment,Large-scale energy efficiency retrofitting of existing residential buildings in northern heating areas began with a target of 150 million square meters by 2011-2015. The program included improvements to building envelopes heating systems and installation of heat metering devices.
Beijing,Public Building Energy Retrofit,A0057,2011/01,Ongoing,N/A,City-wide,Energy-efficient Building Refurbishment,Energy efficiency retrofit program for public buildings launched requiring 10 percent energy reduction for ordinary public buildings and 15 percent for large buildings over 20000 square meters. The program included financial incentives and energy monitoring systems for large public buildings.
Beijing,Green Building Incentive Fund,A0058,2023/06,Ongoing,N/A,City-wide,Energy-efficient Building Refurbishment,Beijing established an Incentive Fund for Green Building Development providing financial support for energy conservation renovation of existing buildings. The fund offers up to 20 yuan per square meter for public buildings achieving minimum 15-20 percent energy savings.
Beijing,Nearly Zero Energy Building Program,A0059,2014/01,Ongoing,N/A,Pilot,Energy-efficient Building Refurbishment,China's first nearly zero energy pilot commercial building was completed in Beijing as part of systematic NZEB research. The program established indicator systems and key technologies for ultra-low energy buildings with Beijing achieving 23 percent of its 2025 NZEB target by 2022.
Beijing,Million Tree Afforestation 2012-2017,A0060,2012/01,2017/12,N/A,City-wide,Green Infrastructure (Carbon Sinks),Beijing launched a large-scale afforestation project covering 66667 hectares aimed at improving urban environmental quality. The initiative increased tree coverage and established urban forests throughout the metropolitan area to enhance carbon sequestration and air quality.
Beijing,Second Phase Afforestation 2018-2022,A0061,2018/01,2022/12,N/A,City-wide,Green Infrastructure (Carbon Sinks),A new round of afforestation projects added 68000 hectares of green areas in Beijing. The massive urban forestry expansion aimed to provide multiple ecological services including climate regulation air purification and biodiversity conservation.
Beijing,Urban Park Development Program,A0062,2020/01,Ongoing,N/A,City-wide,Green Infrastructure (Carbon Sinks),Beijing developed 1050 parks of various types including urban leisure parks urban forests pocket parks and small green areas. By 2023 plans included adding 22 leisure parks and urban forests plus 50 pocket parks with a goal of 89 percent of residents having park access within 500 meters.
Beijing,Olympic Forest Park Establishment,A0063,2001/01,2008/12,N/A,City-wide,Green Infrastructure (Carbon Sinks),The Olympic Forest Park spanning 6.8 square kilometers was developed as part of preparations for the 2008 Olympics. The large urban forest includes extensive tree plantings native and non-native species and provides significant ecological and recreational benefits.
Beijing,National Forest City Designation,A0064,2015/01,Ongoing,N/A,City-wide,Green Infrastructure (Carbon Sinks),Beijing participated in China's National Forest City campaign emphasizing forest area per capita achievement at 11 square meters. The initiative focused on maintaining connectivity of forest patches across the city minimizing habitat fragmentation during urban expansion.
Beijing,Wetland Parks and Green Infrastructure,A0065,2015/01,Ongoing,N/A,City-wide,Green Infrastructure (Carbon Sinks),Beijing invested in green infrastructure including wetland parks and afforestation projects to enhance urban biodiversity and improve air quality. The investments aimed to create a more resilient and livable urban environment while providing ecosystem services.
Beijing,Sponge City Initiative,A0066,2015/01,Ongoing,N/A,City-wide,Green Infrastructure (Carbon Sinks),Beijing implemented sponge city concepts incorporating natural water management systems including permeable pavements green roofs and urban green spaces. The approach enhances urban resilience to flooding while providing co-benefits for climate adaptation and biodiversity.
Beijing,Master Plan Urban Containment,A0067,2017/01,Ongoing,N/A,City-wide,Sustainable Land Management (Avoidance of Urban Sprawl),Beijing's master plan proposed building a pedestrian and bicycle-friendly city while managing urban growth to prevent sprawl. The plan emphasizes compact development transit-oriented development and preservation of green spaces to guide sustainable urbanization.
Beijing,Transit-Oriented Development Policy,A0068,2010/01,Ongoing,N/A,City-wide,Sustainable Land Management (Avoidance of Urban Sprawl),Beijing promoted transit-oriented development integrating land-use and transport planning along BRT and metro corridors. The policy aims to organize urban growth around public transport nodes reducing the need for private vehicle travel and limiting urban sprawl.
New Delhi,Delhi Metro Phase 1,A0069,2002/12,2006/11,N/A,City-wide,Expansion of Public Local Transport,The first phase of Delhi Metro opened with Red Line beginning operations. Phase 1 comprised sixty-five kilometers of track with fifty-nine stations serving major corridors and connecting key areas of the city.
New Delhi,Delhi Metro Phase 2,A0070,2008/06,2011/08,N/A,City-wide,Expansion of Public Local Transport,Phase 2 expanded the metro network by adding one hundred twenty-three kilometers and eighty-six stations including extensions to neighboring cities Noida and Gurgaon. The Airport Express Line connected the international airport to the city center.
New Delhi,Delhi Metro Phase 3,A0071,2014/06,2019/03,N/A,City-wide,Expansion of Public Local Transport,Phase 3 added one hundred sixty kilometers and one hundred nine stations with three new lines including Magenta Line Pink Line and extensions to existing corridors significantly expanding coverage to outer districts.
New Delhi,CNG Bus Fleet Conversion,A0072,2001/01,2004/12,N/A,City-wide,Alternative Drive Systems and Sharing Offers,Delhi Transport Corporation converted its entire bus fleet from diesel to compressed natural gas following Supreme Court mandate. This transition involved replacing conventional buses with CNG-powered vehicles reducing particulate and greenhouse gas emissions.
New Delhi,Low Floor CNG Buses,A0073,2007/01,2011/12,N/A,City-wide,Alternative Drive Systems and Sharing Offers,Introduction of three thousand seven hundred low-floor CNG buses for Commonwealth Games 2010 including air-conditioned and non-air-conditioned models with accessibility features. These buses improved comfort and access while maintaining clean fuel technology.
New Delhi,Electric Bus Pilot Program,A0074,2022/01,Ongoing,N/A,Pilot,Alternative Drive Systems and Sharing Offers,Initial deployment of four hundred electric buses under FAME II scheme marking transition toward electrification of public transport fleet with twelve-meter buses capable of one hundred twenty kilometers range on single charge.
New Delhi,BRT Corridor Delhi,A0075,2008/04,Ongoing,N/A,Medium (District/Corridor),Expansion of Public Local Transport,Bus Rapid Transit corridor implemented along select routes to provide dedicated bus lanes though faced challenges with limited expansion and integration issues compared to original ambitious plans.
New Delhi,Delhi Green Action Plan,A0076,2000/01,Ongoing,N/A,City-wide,Green Infrastructure (Carbon Sinks),Annual tree plantation program undertaken by Department of Forests and Wildlife in collaboration with twenty greening agencies. Program includes free distribution of seedlings to public and community groups for urban greening initiatives.
New Delhi,Urban Forest Development,A0077,2009/01,Ongoing,N/A,City-wide,Green Infrastructure (Carbon Sinks),Expansion of green cover from twenty-six square kilometers in 1997 to two hundred ninety-six square kilometers by 2009 through active planting programs biodiversity parks and community involvement achieving recognition through national awards.
Shenzhen,Shenzhen Metro Phase 1,A0078,2004/12,2004/12,N/A,City-wide,Expansion of Public Local Transport,Initial metro line opened connecting Futian Checkpoint to Children's Palace with twenty-one kilometers and twenty stations establishing Shenzhen as eighth city in China with underground rail system.
Shenzhen,Shenzhen Metro Phase 2,A0079,2008/06,2011/06,N/A,City-wide,Expansion of Public Local Transport,Phase 2 added one hundred kilometers of track including extensions of Line 1 and introduction of Lines 2 3 and 5 creating four-horizontal and three-vertical network pattern covering more districts.
Shenzhen,Shenzhen Metro Phase 3,A0080,2014/06,2020/08,N/A,City-wide,Expansion of Public Local Transport,Phase 3 brought Lines 6 7 9 10 and 11 into operation adding one hundred seven kilometers. Notable features included airport express Line 11 with one hundred twenty kilometer per hour design speed and enhanced connectivity to peripheral districts.
Shenzhen,Electric Bus Pilot Program,A0081,2009/01,2011/08,N/A,Pilot,Alternative Drive Systems and Sharing Offers,Initial deployment of first one hundred electric buses by BYD for demonstration testing technology and operations. Two hundred units operated during 2011 Universiade establishing foundation for full fleet electrification.
Shenzhen,Full Electric Bus Fleet,A0082,2015/01,2017/12,N/A,City-wide,Alternative Drive Systems and Sharing Offers,Complete conversion of sixteen thousand public buses to electric power making Shenzhen worlds first city with fully electric bus fleet. Transition utilized primarily BYD K8 buses with two hundred fifty kilometer battery range and extensive charging infrastructure.
Shenzhen,Electric Taxi Fleet,A0083,2016/01,2018/12,N/A,City-wide,Alternative Drive Systems and Sharing Offers,Electrification of twenty-two thousand taxis replacing conventional vehicles with BYD e6 electric models achieving complete transition and reducing carbon emissions by eight hundred fifty-six thousand metric tons annually.
Shenzhen,Dockless Bike Sharing,A0084,2016/10,Ongoing,N/A,City-wide,Expansion of Bicycle Paths,Launch of dockless shared bicycle systems with GPS-enabled bikes allowing flexible point-to-point travel. Programs replaced estimated ten percent of car trips contributing to reduced emissions and solving last-mile connectivity.
Shenzhen,Non-Motorized Vehicle Lanes,A0085,2010/01,Ongoing,N/A,City-wide,Expansion of Bicycle Paths,Expansion of bicycle infrastructure from approximately nine hundred fifty kilometers in 2016 to three thousand one hundred ninety-seven kilometers with twenty-seven percent of city roads designated for non-motorized vehicles supporting cycling integration with public transport.
Shenzhen,Ecological Control Line Policy,A0086,2010/01,Ongoing,N/A,City-wide,Sustainable Land Management (Avoidance of Urban Sprawl),Implementation of protection policy reserving fifty percent of Shenzhen land for ecological preservation. Measure reduced carbon loss by forty-one percent and preserved coastal carbon sinks while slowing habitat fragmentation from rapid urbanization.
Shenzhen,Urban Green Space Program,A0087,2005/01,Ongoing,N/A,City-wide,Green Infrastructure (Carbon Sinks),Systematic development of urban parks green belts and tree planting initiatives despite rapid urbanization. Programs included integration of green infrastructure into high-density developments and preservation of ecological resources in southeastern regions.
Tokio,ITS Network Development (Legacy),A0088,1960/12,Ongoing,N/A,City-wide,Intelligent Traffic Control,Tokyo pioneered sophisticated traffic control systems dating back to the late 1960s; using real-time surveillance and adaptive signal management to continually optimize traffic flow; reduce congestion and minimize idling emissions across major roadways.
Tokio,Urban Renewal Act Enforcement,A0089,1969/06,Ongoing,N/A,City-wide,Sustainable Land Management (Avoidance of Urban Sprawl),This foundational legislation enables integrated urban revitalization; consolidating small land parcels for vertical densification (high-rise rebuilding) and improving public infrastructure; preventing low-density functional sprawl and maintaining compact city structure.
Tokio,Mandatory Green Roof Ordinance,A0090,2001/04,Ongoing,N/A,City-wide,Green Infrastructure (Carbon Sinks),The pioneering Nature Conservation Ordinance mandates green spaces on new and renovated large buildings (e.g.; private over 1;000 sqm). This measure reduces the urban heat island effect; significantly cutting building cooling demand and associated energy emissions.
Tokio,Cap-and-Trade Program Launch,A0091,2010/04,Ongoing,N/A,City-wide,Energy-efficient Building Refurbishment,Launched the world's first mandatory urban ETS; covering approximately 1;300 large commercial and industrial facilities. The program imposes escalating CO2 reduction targets (e.g.; 8% in the first period; 17% in the second); requiring continuous energy efficiency measures and deep refurbishments.
Tokio,Chūō Shinkansen Construction,A0092,2014/01,2034/01,N/A,Medium (District/Corridor),Expansion of Public Long-Distance Transport,Initiated construction of the high-speed Maglev rail line linking Tokyo to Nagoya/Osaka. Although completion is long-term; this massive project substitutes high-carbon domestic air and road travel with electrified; low-carbon rail infrastructure.
Tokio,ZEV Promotion and ZEB Target,A0093,2019/12,Ongoing,N/A,City-wide,Alternative Drive Systems and Sharing Offers,The Zero Emission Tokyo Strategy formalized key targets; including aiming for 50% ZEV market share in new passenger car sales by 2030 and introducing at least 300 Zero Emission Buses by 2030; supported by continuous government subsidies.
Tokio,Micromobility Sharing Integration,A0094,2018/07,Ongoing,N/A,City-wide,Alternative Drive Systems and Sharing Offers,Rapid scaling of private sector electric micromobility sharing services (e.g.; e-scooters; e-bikes); with strategic integration points at rail stations (e.g.; Tokyu lines) to solve the last-mile issue and substitute short private vehicle trips.
Tokio,Plan for Bicycle Promotion,A0095,2021/01,Ongoing,N/A,City-wide,Expansion of Bicycle Paths,Launched the strategic plan to expand the cycling network by nearly 50%; aiming to increase the existing network from 430 km to 621 km by 2030 to enhance safe cycling infrastructure and boost the high modal share (14.1%).
Tokio,Metro Line Extension Policy Approval,A0096,2022/03,Ongoing,N/A,Medium (District/Corridor),Expansion of Public Local Transport,Policy authorization received for critical metro network extensions; including the Yūrakuchō and Namboku lines; to serve key urban development zones (e.g.; Toyosu) and enhance network connectivity; reducing road traffic congestion in central areas.
Tokio,Residential Deep Renovation Subsidies,A0097,2023/01,Ongoing,N/A,City-wide,Energy-efficient Building Refurbishment,Implementation of national and metropolitan subsidy schemes focusing on existing residential stock; such as support for converting detached houses into Net Zero Energy Houses (ZEH) through insulation and advanced window renovation projects.
Tokio,Tokyo Sky Corridor Planning,A0098,2023/05,Ongoing,N/A,Medium (District/Corridor),Expansion of Pedestrian Paths,Formal policy promotion and planning initiated to convert a two-kilometer section of the Tokyo Expressway (KK Line; Shimbashi-Kyobashi) into an elevated green walkway; prioritizing walkable urban development and green space creation in the city center.
Lima,Metropolitano BRT System Launch,A0099,2010/10,Ongoing,N/A,City-wide,Expansion of Public Local Transport,Full operation of Lima's dedicated Bus Rapid Transit system; providing high-capacity; dedicated corridors across the metropolitan area.
Lima,Metro Line 1 Revenue Service Start,A0100,2012/04,Ongoing,N/A,City-wide,Expansion of Public Local Transport,Start of full commercial passenger service on the first phase of the electric commuter rail line.
Lima,Lima Verde Reforestation Program,A0101,2022/01,Ongoing,N/A,City-wide,Green Infrastructure (Carbon Sinks),Municipal program aiming to plant one million trees by 2026 across hillsides and public recreational spaces to combat urban heat islands.
Lima,UCAP CAI Cycle Network Strategy,A0102,2022/01,Ongoing,N/A,City-wide,Expansion of Bicycle Paths,UK-funded program developing a cycle-inclusive strategy; evaluating 100 kilometers of network and prioritizing new path designs.
Lima,World Bank ITS Program Initiation,A0103,2023/10,Ongoing,N/A,City-wide,Intelligent Traffic Control,Initiation of a long-term investment program to install modern traffic light systems and an upgraded control center at over 500 intersections.
Lima,Miraflores Intelligent Traffic Management,A0104,2022/07,Ongoing,N/A,Medium (District/Corridor),Intelligent Traffic Control,Implementation of the Kapsch Ecotrafix solution integrating mobility management software and advanced signalization within the Miraflores district.
Lima,BRT North Extension Civil Works Completion,A0105,2021/04,2023/12,N/A,Medium (District/Corridor),Expansion of Public Local Transport,Completion of civil works for the extension of the Metropolitano BRT system; enabling partial operational readiness by December 2023.
Lima,CityBike Miraflores Public Bike Sharing,A0106,2017/01,Ongoing,N/A,Pilot,Alternative Drive Systems and Sharing Offers,Launch of a public; dock-based bike sharing system with 100 stations located within the Miraflores district.
Lima,LIMA Estate Electric Minibus Shuttle,A0107,2023/04,Ongoing,N/A,Pilot,Alternative Drive Systems and Sharing Offers,Private sector provision of a fleet of electric minibuses for the inter-estate shuttle system; shifting captive transport away from diesel.
Lima,World Bank 50km Bike Lanes Planning,A0108,2023/10,Ongoing,N/A,Medium (District/Corridor),Expansion of Bicycle Paths,Planning phase for the construction of 50 kilometers of new dedicated bike lanes; component of the larger World Bank urban mobility program.
Lima,Historic Center Clean Air Zone Design,A0109,2023/01,Ongoing,N/A,Medium (District/Corridor),Expansion of Pedestrian Paths,Development of technical studies and design for the country's first Clean Air Zone; restricting vehicle access and prioritizing walking in the city core.
Lima,Lomas de Primavera Conservation,A0110,2022/01,Ongoing,N/A,Pilot,Green Infrastructure (Carbon Sinks),Community-led conservation and reforestation effort supported by municipal tree donations (20000 trees) to protect this vulnerable ecosystem from encroachment.
Lima,Institutional EE Lighting Replacement,A0111,2020/01,Ongoing,N/A,City-wide,Energy-efficient Building Refurbishment,Implementation of measures to optimize energy consumption and promote electrical efficiency in institutional buildings through the replacement of lighting systems.
Mumbai,Metro Lines 2A and 7 Commencement,A0112,2022/04,Ongoing,N/A,City-wide,Expansion of Public Local Transport,Inauguration and operational start of two new elevated metro corridors; significantly augmenting the city's suburban rail capacity.
Mumbai,BEST Electric Bus Induction (157 Units),A0113,2023/12,Ongoing,N/A,City-wide,Alternative Drive Systems and Sharing Offers,Induction of 157 new zero-emission; air-conditioned electric buses into the public transport fleet to reduce urban air pollution.
Mumbai,DCPR 2034 Sustainable Land Use Policy,A0114,2018/09,Ongoing,N/A,City-wide,Sustainable Land Management (Avoidance of Urban Sprawl),Implementation of the Development Control and Promotional Regulations 2034; which guides urban growth; manages density; and mandates redevelopment.
Mumbai,Metro Bicycle Carriage Pilot Program,A0115,2022/04,Ongoing,N/A,Pilot,Expansion of Bicycle Paths,Policy initiative allowing passengers to carry personal bicycles on select metro coaches to facilitate multi-modal commuting and last-mile connectivity.
Mumbai,High Court Mangrove Protection Mandate,A0116,2018/09,Ongoing,N/A,City-wide,Green Infrastructure (Carbon Sinks),Judicial mandate imposing a total freeze on mangrove destruction; establishing court permission and compensatory afforestation as mandatory prerequisites for felling.
Mumbai,Urban Forest Mapping and Documentation,A0117,2021/06,2022/10,N/A,Medium (District/Corridor),Green Infrastructure (Carbon Sinks),Project to map and formally document approximately 1400 hectares of unrecognized urban forest areas across 18 locations to aid future protection.
Mumbai,National ECBC Mandatory Implementation,A0118,2017/01,Ongoing,N/A,City-wide,Energy-efficient Building Refurbishment,Implementation of the Energy Conservation Building Code; setting mandatory baseline energy standards for large commercial buildings (new and existing).
Mumbai,Comprehensive Transport Planning Framework,A0119,2009/05,Ongoing,N/A,City-wide,Intelligent Traffic Control,Implementation phase of the foundational Comprehensive Transportation Study (TranSforM report) guiding subsequent smart traffic and congestion management strategies.
Mumbai,BEST E-Bus Fleet Electrification Strategy,A0120,2020/01,Ongoing,N/A,City-wide,Alternative Drive Systems and Sharing Offers,Strategic plan initiating the phasing out of older; diesel-dependent vehicles and setting aggressive targets for achieving full electrification of the public bus fleet by 2027.
Mumbai,Slum Redevelopment Regulations,A0121,2005/01,Ongoing,N/A,City-wide,Sustainable Land Management (Avoidance of Urban Sprawl),Regulatory framework controlling and promoting the restructuring and densification of informal settlements; aiming to consolidate population within city limits.
Mumbai,Mangrove Conservation Clean-up Activities,A0122,2021/06,Ongoing,N/A,Medium (District/Corridor),Green Infrastructure (Carbon Sinks),Ongoing community and NGO projects focused on large-scale waste removal and ecological restoration drives across polluted mangrove habitats.
Mumbai,CMP Pedestrian Safety Prioritization,A0123,2009/05,Ongoing,N/A,City-wide,Expansion of Pedestrian Paths,Long-term planning commitment within the Comprehensive Mobility Plan to improve road safety for pedestrians and optimize non-motorized infrastructure in coordination with transit.
Bengaluru,Namma Metro Phase 1 Purple Line Launch,A0124,2011/10,Ongoing,N/A,City-wide,Expansion of Public Local Transport,The first segment of Namma Metro Purple Line opened between Baiyappanahalli and MG Road covering six point seven kilometers with six stations providing rapid transit to reduce private vehicle dependency and carbon emissions.
Bengaluru,Namma Metro Phase 1 Green Line North,A0125,2014/03,Ongoing,N/A,City-wide,Expansion of Public Local Transport,The northern section of Green Line opened with nine point nine kilometers connecting Sampige Road to Peenya Industry improving public transport access to industrial areas and reducing traffic congestion.
Bengaluru,Tender SURE Pilot Roads,A0126,2015/06,2017/12,N/A,Medium (District/Corridor),Expansion of Pedestrian Paths,Ten kilometers of redesigned streets in central business district featuring uniform width footpaths with underground utilities organized beneath pedestrian paths prioritizing walkability and safety for all users.
Bengaluru,Namma Metro Phase 1 Complete,A0127,2017/06,Ongoing,N/A,City-wide,Expansion of Public Local Transport,Completion of entire Phase 1 with forty-two kilometers comprising Purple and Green Lines with forty stations providing comprehensive metro connectivity across major city corridors reducing emissions from road transport.
Bengaluru,BMTC Electric Bus Pilot,A0128,2018/01,Ongoing,N/A,Pilot,Alternative Drive Systems and Sharing Offers,Introduction of first electric buses in BMTC fleet as part of transition to zero-emission public transport marking beginning of efforts to electrify bus fleet and reduce air pollution from diesel vehicles.
Bengaluru,Cycle Track Network Expansion,A0129,2015/01,2019/12,N/A,City-wide,Expansion of Bicycle Paths,Development of approximately fifty kilometers of dedicated cycle tracks throughout the city including integration with metro stations to promote non-motorized transport and reduce carbon footprint from short-distance commutes.
Bengaluru,Tender SURE Network Expansion,A0130,2017/01,2020/12,N/A,Medium (District/Corridor),Expansion of Pedestrian Paths,Expansion of Tender SURE standards to additional roads across city totaling approximately one hundred kilometers with wide footpaths cycle tracks and organized utilities enhancing pedestrian infrastructure and walkability.
Bengaluru,Namma Metro Phase 2 Southwest Extension,A0131,2021/08,Ongoing,N/A,Medium (District/Corridor),Expansion of Public Local Transport,Purple Line extension of seven point five kilometers from Mysore Road to Kengeri opened providing metro access to southwestern residential areas reducing reliance on private vehicles and decreasing emissions.
Bengaluru,BMTC Electric Bus Fleet Expansion,A0132,2019/01,2023/12,N/A,City-wide,Alternative Drive Systems and Sharing Offers,Significant expansion of electric bus fleet with procurement of over nine hundred electric buses operating across city routes demonstrating commitment to clean public transport and emission reduction targets.
Bengaluru,Metro Phase 2 Whitefield Extension,A0133,2023/03,Ongoing,N/A,Medium (District/Corridor),Expansion of Public Local Transport,Thirteen point seven kilometer eastern extension from KR Pura to Whitefield opened connecting major IT employment hub to metro network reducing traffic congestion and promoting sustainable commuting patterns.
Bengaluru,Urban Afforestation Programs,A0134,2018/01,Ongoing,N/A,City-wide,Green Infrastructure (Carbon Sinks),Implementation of urban forestry initiatives including Miyawaki method plantations in parks tech campuses and degraded areas to increase tree cover enhance carbon sequestration and improve urban microclimate.
Bengaluru,Lake Rejuvenation Projects,A0135,2015/01,Ongoing,N/A,City-wide,Green Infrastructure (Carbon Sinks),Systematic restoration of urban lakes with afforestation around lake peripheries improving groundwater recharge creating green spaces and establishing carbon sinks while enhancing biodiversity in urban areas.
Bengaluru,Smart Traffic Management System,A0136,2016/01,Ongoing,N/A,City-wide,Intelligent Traffic Control,Implementation of adaptive traffic signal systems at major intersections using sensors and real-time data to optimize traffic flow reduce congestion and minimize vehicle idling thereby lowering emissions.
Bengaluru,Bus Rapid Transit Corridors,A0137,2018/01,Ongoing,N/A,Medium (District/Corridor),Expansion of Public Local Transport,Development of dedicated bus lanes and priority corridors across city to improve bus speeds reliability and passenger experience encouraging shift from private vehicles to public transport.
São Paulo,Metro Line 4 Yellow Phase 1,A0138,2010/05,2011/12,N/A,City-wide,Expansion of Public Local Transport,Opening of first driverless metro line in Latin America between Faria Lima and Luz stations with six stations reducing travel times and emissions from private vehicles in southwest corridor.
São Paulo,Cycling Infrastructure Expansion,A0139,2013/01,2015/12,N/A,City-wide,Expansion of Bicycle Paths,Rapid expansion of cycling network from one hundred eight to four hundred kilometers under Mayor Haddad including installation of eight thousand bike racks and adaptation of twelve bridges creating comprehensive cycle infrastructure.
São Paulo,Expresso Tiradentes BRT,A0140,2013/01,Ongoing,N/A,Medium (District/Corridor),Expansion of Public Local Transport,Bus rapid transit corridor connecting Sacoma to downtown with dedicated lanes carrying eighty-five thousand passengers daily reducing transit time by seventy-four percent and emissions by one point nine tons per day.
São Paulo,Strategic Master Plan with Parking Reform,A0141,2014/07,Ongoing,N/A,City-wide,Sustainable Land Management (Avoidance of Urban Sprawl),First megacity to eliminate parking minimums citywide replacing with maximums along transit corridors promoting transit-oriented development mixed-use zoning and reduced car dependency within four hundred meters of mass transit.
São Paulo,Metro Line 5 Extension,A0142,2017/01,2018/12,N/A,City-wide,Expansion of Public Local Transport,Extension of Lilac Line by ten point five kilometers adding stations to connect southern neighborhoods improving metro coverage and providing sustainable transport alternative reducing vehicular emissions.
São Paulo,Bus Corridor Network Expansion,A0143,2014/01,2016/12,N/A,City-wide,Expansion of Public Local Transport,Expansion of bus-only lane network to three hundred twenty kilometers with twenty-one percent increase in average bus speeds improving public transport efficiency and reducing congestion-related emissions.
São Paulo,Pedestrian Infrastructure Program,A0144,2014/01,2016/12,N/A,Medium (District/Corridor),Expansion of Pedestrian Paths,Widening of sidewalks along fifteen hundred eighty blocks in transit corridors creating pedestrian-only zones and implementing parklet program to enhance walkability reduce car dependence and improve urban quality of life.
São Paulo,Public Bike Share System,A0145,2014/01,2015/12,N/A,City-wide,Alternative Drive Systems and Sharing Offers,Launch and expansion of bike-sharing program with one thousand five hundred bikes at one hundred fifty-eight stations providing first-last mile connectivity and promoting cycling as viable transport mode reducing short-trip emissions.
São Paulo,Electric Bus Pilot Program,A0146,2018/01,2021/12,N/A,Pilot,Alternative Drive Systems and Sharing Offers,Introduction of first electric buses in Latin America largest bus fleet piloting zero-emission vehicles to test technology and infrastructure for planned transition to fully electric fleet by twenty thirty-eight.
São Paulo,Urban Parks and Green Spaces,A0147,2015/01,Ongoing,N/A,City-wide,Green Infrastructure (Carbon Sinks),Enhancement and creation of urban parks and green spaces throughout city to increase tree cover provide recreational areas improve air quality sequester carbon and mitigate urban heat island effects.
São Paulo,Metro Line 15 Monorail,A0148,2014/08,Ongoing,N/A,Medium (District/Corridor),Expansion of Public Local Transport,Launch of first high-capacity monorail in Latin America as automated Line Fifteen Silver connecting eastern neighborhoods with two point six kilometers initially expanded progressively providing modern rapid transit alternative.
São Paulo,Transit-Oriented Development Zones,A0149,2015/01,Ongoing,N/A,City-wide,Sustainable Land Management (Avoidance of Urban Sprawl),Implementation of higher density mixed-use zoning within two hundred meters of bus corridors and four hundred meters of rail stations with ten percent affordable housing requirement promoting compact development reducing urban sprawl.
São Paulo,BRT Corridor Improvements,A0150,2016/01,2018/12,N/A,Medium (District/Corridor),Expansion of Public Local Transport,Enhancement of existing bus rapid transit corridors with improved stations dedicated lanes pre-board payment and real-time information systems increasing capacity reliability and attractiveness of sustainable public transport.
São Paulo,Mobility Plan Implementation,A0151,2015/01,Ongoing,N/A,City-wide,Expansion of Public Local Transport,Comprehensive urban mobility plan prioritizing public transport cycling and pedestrian infrastructure over private vehicles with integrated approach to reduce emissions congestion and promote sustainable transport modes.
Ho Chi Minh City,Metro Line 1 Ben Thanh-Suoi Tien,A0152,2012/08,2024/12,N/A,City-wide,Expansion of Public Local Transport,Construction of the first metro line connecting Ben Thanh in District 1 to Suoi Tien in Thu Duc City with 19.7 kilometers of track including 3 underground and 11 elevated stations serving as backbone for public transport network funded primarily by JICA.
Ho Chi Minh City,TransJakarta BRT Network Expansion,A0153,2004/01,Ongoing,N/A,City-wide,Expansion of Public Local Transport,Establishment and continuous expansion of Bus Rapid Transit system starting with Blok M to Jakarta Kota corridor becoming worlds longest BRT network with over 230 kilometers serving major corridors across the metropolitan area.
Ho Chi Minh City,Smart Traffic Operation Center,A0154,2019/02,Ongoing,N/A,City-wide,Intelligent Traffic Control,First smart traffic operation center in Vietnam launched to manage traffic flow through connected signals cameras at 300 intersections and 78 streets enabling real-time monitoring regulation and response to congestion across central areas.
Ho Chi Minh City,HCM-Trung Luong Highway ITS,A0155,2013/04,2015/03,N/A,Medium (District/Corridor),Intelligent Traffic Control,Implementation of Intelligent Transport System on 50-kilometer highway connecting Ho Chi Minh City and Mekong Delta with smart control center and monitoring devices funded by Korean Government enabling automated traffic management and toll collection.
Ho Chi Minh City,Urban Bus Route Network,A0156,2010/01,Ongoing,N/A,City-wide,Expansion of Public Local Transport,Expansion and development of comprehensive bus network operated by Saigon Passenger Transport with multiple routes throughout city providing essential public transport connectivity before metro completion with focus on main corridors and district connections.
Ho Chi Minh City,Tree Protection Regulation,A0157,2021/04,Ongoing,N/A,City-wide,Green Infrastructure (Carbon Sinks),Governor Regulation on Tree Management and Protection establishing systematic data-based implementation including database of urban trees carbon absorption calculations planting maintenance and protection plans targeting 200000 additional trees by 2022 through Cities4Forests program.
Ho Chi Minh City,Green Space Master Plan,A0158,2011/03,2025/12,N/A,City-wide,Green Infrastructure (Carbon Sinks),Project for management protection and development of forests and trees with vision to 2025 aiming to expand urban trees parks and green corridors alongside rivers canals and sea dikes to enhance carbon sequestration and urban microclimate improvement.
Ho Chi Minh City,Nguyen Hue Walking Street,A0159,2015/04,2015/04,N/A,Medium (District/Corridor),Expansion of Pedestrian Paths,Transformation of major downtown street into pedestrian-only zone in District 1 creating public space for residents and tourists reducing vehicle access in central business district and promoting walking as primary mode for short-distance travel.
Ho Chi Minh City,District 4 Harbor Relocation,A0160,2018/01,Ongoing,N/A,Medium (District/Corridor),Sustainable Land Management (Avoidance of Urban Sprawl),Relocation of harbor infrastructure from dense District 4 to low-lying Nha Be District with flood-proofing measures creating space for climate adaptation including parks and stormwater management facilities following Triple-A strategic planning approach.
Ho Chi Minh City,Public Park Development,A0161,2010/01,Ongoing,N/A,City-wide,Green Infrastructure (Carbon Sinks),Maintenance and expansion of existing major parks including Tao Dan Park Gia Dinh Park Hoang Van Thu Park and development of new green spaces providing recreation carbon storage air quality improvement and urban cooling though limited new park creation in inner city areas.
Ho Chi Minh City,Hoi An Bicycle Infrastructure,A0162,2018/01,2020/12,N/A,Pilot,Expansion of Bicycle Paths,Establishment of bicycle-sharing system and cycling infrastructure including dedicated bike path in Hoi An through TUMI Challenge collaboration demonstrating viable alternative to motorcycles despite implementation challenges from COVID-19 pandemic impacts.
Ho Chi Minh City,Transit-Oriented Development,A0163,2015/01,Ongoing,N/A,City-wide,Sustainable Land Management (Avoidance of Urban Sprawl),Implementation of Transit Oriented Development model focusing development near metro stations and major transport hubs to reduce urban sprawl encourage compact growth and facilitate public transport use through integrated land use and transport planning.
Ho Chi Minh City,Saigon Central Park Regeneration,A0164,2019/01,2023/12,N/A,Medium (District/Corridor),Green Infrastructure (Carbon Sinks),Redevelopment of park in District 1 connected to metro system creating pedestrian-oriented green space and transit hub with commercial and retail center designed to feed metro station traffic and provide ecological benefits in dense urban core.
Ho Chi Minh City,Electric Bus Pilot Program,A0165,2020/01,Ongoing,N/A,Pilot,Alternative Drive Systems and Sharing Offers,Pilot implementation of electric buses for public transport with development of action plan for e-mobility transition targeting 90 percent emissions reduction by 2030 including assessment of charging infrastructure needs and policy framework for fleet electrification.
Jakarta,TransJakarta BRT System Launch,A0166,2004/01,Ongoing,N/A,City-wide,Expansion of Public Local Transport,Launch of first Bus Rapid Transit corridor from Blok M to Jakarta Kota establishing foundation for worlds longest BRT network now exceeding 250 kilometers with 128 routes serving as backbone of public transport system across Greater Jakarta.
Jakarta,MRT North-South Line Phase 1,A0167,2013/10,2019/03,N/A,City-wide,Expansion of Public Local Transport,Construction and opening of first urban rail transit system connecting Lebak Bulus to Bundaran HI with 15.7 kilometers including 7 elevated and 6 underground stations funded by JICA providing high-capacity rapid transit and reducing air pollution by 27 percent.
Jakarta,Green Building Regulation,A0168,2012/01,Ongoing,N/A,City-wide,Energy-efficient Building Refurbishment,Governor Regulation DKI Jakarta No.38/2012 on Green Building establishing mandatory standards for new construction resulting in over 260 buildings complying within 3 years reducing 605000 metric tons CO2 annually and saving 850000 MWh energy per year.
Jakarta,Green Zone Daan Mogot Pilot,A0169,2009/01,Ongoing,N/A,Pilot,Energy-efficient Building Refurbishment,Development of Climate Kampong pilot area in Daan Mogot for low-income housing implementing green building standards across 17.6 hectares including high-rise buildings mosque schools and hospitals demonstrating 30 percent reduction targets for energy water and emissions.
Jakarta,Child-Friendly Parks Program,A0170,2015/01,2017/12,N/A,City-wide,Green Infrastructure (Carbon Sinks),Green Open Space and Child-Friendly Integrated Public Spaces program completing 200 parks by 2016 and 306 by 2017 increasing green infrastructure resilience reducing flood duration from three days to three hours per event across city.
Jakarta,Tree Management Regulation,A0171,2021/04,Ongoing,N/A,City-wide,Green Infrastructure (Carbon Sinks),Governor Regulation 24/2021 on Tree Management and Protection establishing database of tree assets with species identification health assessment carbon absorption calculations and systematic planting maintenance and protection plans developed with WRI Indonesia Cities4Forests initiative.
Jakarta,Green Alley Initiative,A0172,2019/01,Ongoing,N/A,Medium (District/Corridor),Green Infrastructure (Carbon Sinks),Gang Hijau program developing green corridors in neighborhood alleys across six sub-districts achieving 200 locations by 2023 with 30 new sites in 2023 alone reducing local temperatures by up to 2 degrees Celsius through vegetation coverage.
Jakarta,Airport Rail Link,A0173,2017/01,2017/12,N/A,Medium (District/Corridor),Expansion of Public Long-Distance Transport,Soekarno-Hatta Airport Rail Link connecting international airport to Manggarai in Central Jakarta providing dedicated rail service for airport passengers reducing reliance on private vehicles and taxis for long-distance airport access.
Jakarta,KRL Commuterline Expansion,A0174,2010/01,Ongoing,N/A,City-wide,Expansion of Public Local Transport,Expansion and improvement of commuter rail network serving Greater Jakarta metropolitan area connecting surrounding cities to central Jakarta with electrified trains providing high-capacity transit for daily commuters across Jabodetabek region.
Jakarta,Jakarta LRT Phase 1,A0175,2015/09,2019/12,N/A,Medium (District/Corridor),Expansion of Public Local Transport,Light Rail Transit system connecting Velodrome to Pegangsaan Dua with 6 stations over 5.8 kilometers beginning commercial operations providing additional rail-based public transport option integrating with MRT and BRT networks.
Jakarta,Jabodebek LRT,A0176,2015/01,2023/08,N/A,City-wide,Expansion of Public Long-Distance Transport,Regional light rail transit connecting Jakarta with surrounding cities including Depok Bekasi and Bogor with 42.1 kilometer network and 18 stations serving Greater Jakarta metropolitan area reducing inter-city private vehicle dependency.
Jakarta,Electric Bus Pilot Fleet,A0177,2020/01,Ongoing,N/A,Pilot,Alternative Drive Systems and Sharing Offers,Procurement and deployment of 100 pilot electric buses for TransJakarta fleet with commitment to full electrification of 10000 buses by 2030 including development of charging infrastructure and regulatory framework supported by UNEP and ITDP.
Jakarta,Jak Lingko Integration,A0178,2022/08,Ongoing,N/A,City-wide,Expansion of Public Local Transport,Public transport integration program Jak Lingko formerly OK OTrip integrating payment and services between BRT Commuter rail MRT LRT Airport rail link and local Mikrotrans enabling seamless multimodal journeys across entire Greater Jakarta network.
Jakarta,City Forest Regulation,A0179,2017/01,Ongoing,N/A,City-wide,Green Infrastructure (Carbon Sinks),Gubernatorial Regulation 17/2017 on City Forest establishing framework for urban forest development and management to enhance green coverage carbon sequestration and ecological services within city boundaries addressing heat island effects and air quality.
Jakarta,Pop-up Cycle Lanes,A0180,2020/04,2021/12,N/A,Medium (District/Corridor),Expansion of Bicycle Paths,Implementation of protected cycle lanes during COVID-19 pandemic with commitment to permanent infrastructure connecting 165 TransJakarta stops 19 KRL stations 12 MRT stations and LRT stations enabling 1000 percent increase in cycling in some corridors.
Jakarta,Complete Streets Roadmap,A0181,2022/02,Ongoing,N/A,City-wide,Expansion of Pedestrian Paths,Development of Jakarta Complete Streets Roadmap by ITDP with Public Work Agency establishing guidelines for pedestrian and cyclist infrastructure improvements including wayfinding standards and priority pedestrian infrastructure in transit areas.
Jakarta,Parking Regulation Reform,A0182,2021/01,Ongoing,N/A,City-wide,Intelligent Traffic Control,Adoption of Regional Regulation implementing high parking tariffs in central areas to reduce private vehicle use and encourage modal shift to public transport as part of integrated traffic demand management strategy.
Jakarta,Transit-Oriented Development,A0183,2018/01,Ongoing,N/A,City-wide,Sustainable Land Management (Avoidance of Urban Sprawl),Development of TOD areas including Dukuh Atas TOD and CSW-ASEAN TOD facilitating transfers between transport modes concentrating development near transit stations reducing sprawl and promoting walkable mixed-use neighborhoods around public transport hubs.
Jakarta,Tebet Eco Park,A0184,2021/01,2021/12,N/A,Pilot,Green Infrastructure (Carbon Sinks),Development of nature-based solutions park featuring retention pond for flood management multifunctional green open space providing recreation air quality improvement and stormwater attenuation demonstrating integrated climate adaptation approach.
Chengdu,Metro Line 1 Opening,A0185,2010/09,Ongoing,N/A,City-wide,Expansion of Public Local Transport,First metro line opened connecting Shengxian Lake to Century City over 18.5 kilometers with 16 stations launching Chengdu's rapid transit system to reduce traffic congestion and air pollution through mass public transportation alternative to private vehicles.
Chengdu,Metro Network Expansion Program,A0186,2012/01,Ongoing,N/A,City-wide,Expansion of Public Local Transport,Massive expansion program growing network from single line to 15 subway lines covering 659 kilometers with 387 stations by 2023 becoming fourth longest metro system globally serving 6 million daily trips with 2.2 million people living within 500 meters of stations.
Chengdu,Bus Rapid Transit Network,A0187,2010/01,Ongoing,N/A,City-wide,Expansion of Public Local Transport,Development and expansion of BRT system alongside metro construction providing essential bus-based public transport services connecting major corridors throughout city addressing immediate transit needs while metro network expanded.
Chengdu,Tianfu Greenway System,A0188,2018/01,Ongoing,N/A,City-wide,Green Infrastructure (Carbon Sinks),Worlds longest planned urban greenway network spanning 16900 kilometers with over 7000 kilometers completed by 2023 connecting parks green spaces and ecological areas throughout city creating continuous green corridors for recreation carbon sequestration and urban cooling.
Chengdu,Longquan Mountain Urban Forest Park,A0189,2018/01,Ongoing,N/A,City-wide,Green Infrastructure (Carbon Sinks),Transformation of Longquan Mountain into 1275 square kilometer urban forest park serving as green heart of city with systematic ecological restoration tree planting and biodiversity conservation increasing species from 1147 in 2020 to 1724 by 2023.
Chengdu,Park City Initiative,A0190,2018/01,Ongoing,N/A,City-wide,Green Infrastructure (Carbon Sinks),Comprehensive urban transformation program following president directive to build park city increasing total parks to 1556 by 2023 adding 18.33 square kilometers of greenery integrating nature throughout urban fabric for ecological civilization and livability.
Chengdu,Transit-Oriented Development,A0191,2015/01,Ongoing,N/A,City-wide,Sustainable Land Management (Avoidance of Urban Sprawl),Implementation of TOD planning model concentrating development around metro stations and transport hubs to reduce sprawl encourage compact growth and facilitate public transport use through integrated land use and transportation planning across expanding metropolitan area.
Chengdu,Tianfu New Area Development,A0192,2014/10,Ongoing,N/A,City-wide,Sustainable Land Management (Avoidance of Urban Sprawl),Strategic planned development of new urban district with park city principles becoming first national park city standardization pilot in 2021 demonstrating controlled growth model balancing urbanization with ecological protection and green infrastructure integration.
Chengdu,Giant Panda National Park,A0193,2017/01,Ongoing,N/A,Medium (District/Corridor),Green Infrastructure (Carbon Sinks),Development of 1459 square kilometer national park serving as green lung for city with 41.33 square kilometers of panda habitat restored in 2023 providing biodiversity conservation ecosystem services and climate regulation within urban fringe.
Chengdu,Metro Line 18 Airport Express,A0194,2020/12,Ongoing,N/A,City-wide,Expansion of Public Long-Distance Transport,High-speed metro line connecting downtown to Tianfu International Airport with express service capability reducing reliance on private vehicles and taxis for airport access providing rapid transit link for long-distance travelers.
Chengdu,Energy Efficiency Building Standards,A0195,2015/01,Ongoing,N/A,City-wide,Energy-efficient Building Refurbishment,Implementation of green building standards and energy efficiency requirements for new construction and major renovations supporting transition to low-carbon development and climate-smart city objectives through building sector emissions reduction.
Chengdu,Green Space Master Plan,A0196,2011/01,2025/12,N/A,City-wide,Green Infrastructure (Carbon Sinks),Comprehensive plan for management protection and development of forests and trees with vision to 2025 expanding urban trees parks and green corridors to enhance carbon sequestration biodiversity and microclimate improvement across metropolitan area.
Chengdu,Park Development Program,A0197,2018/01,Ongoing,N/A,City-wide,Green Infrastructure (Carbon Sinks),Systematic development of diverse park types including community parks pocket parks and ecological parks throughout city reaching 1556 total parks by 2023 providing recreation ecosystem services and equitable green space access for growing population.
Chengdu,Low-Carbon City Blueprint,A0198,2018/01,Ongoing,N/A,City-wide,Sustainable Land Management (Avoidance of Urban Sprawl),Strategic framework targeting carbon emission peak before 2030 through integrated planning combining transport infrastructure green development and compact urban form to reduce per capita emissions from 8.2 tons while accommodating projected population growth.
Bangkok,BTS Skytrain Opening,A0199,1999/12,Ongoing,N/A,City-wide,Expansion of Public Local Transport,Launch of first elevated rapid transit system with Sukhumvit and Silom lines totaling 23.1 kilometers serving city center providing air-conditioned efficient alternative to road transport reducing congestion and improving air quality in heavily trafficked areas.
Bangkok,BTS Skytrain Extensions,A0200,2011/08,Ongoing,N/A,City-wide,Expansion of Public Local Transport,Multiple extensions expanding network from 23 to 68 kilometers including northern extension to Khu Khot southern extension to Samrong and western extensions improving connectivity and accessibility throughout metropolitan area and suburbs.
Bangkok,MRT Blue Line,A0201,2004/07,Ongoing,N/A,City-wide,Expansion of Public Local Transport,Underground metro system opening with initial line later expanded to 48 kilometer circle route providing high-capacity rapid transit complementing elevated BTS system with interchanges enabling integrated network serving central Bangkok and surrounding districts.
Bangkok,MRT Purple Line,A0202,2016/08,Ongoing,N/A,Medium (District/Corridor),Expansion of Public Local Transport,23 kilometer elevated line connecting Tao Poon to Khlong Bang Phai with 16 stations serving northern suburbs and commuters providing rapid transit access to previously underserved areas reducing car dependency for daily commutes.
Bangkok,MRT Yellow Line,A0203,2023/06,Ongoing,N/A,Medium (District/Corridor),Expansion of Public Local Transport,30.4 kilometer elevated monorail with 23 stations officially opening as first monorail system in Thailand connecting eastern districts and Samut Prakan Province expanding rapid transit coverage to growing suburban areas.
Bangkok,Airport Rail Link,A0204,2010/08,Ongoing,N/A,Medium (District/Corridor),Expansion of Public Long-Distance Transport,Express rail service connecting Suvarnabhumi International Airport to city center providing dedicated airport access reducing private vehicle trips and taxi use for international travelers and reducing transport emissions from airport access.
Bangkok,One Million Trees Initiative,A0205,2022/01,Ongoing,N/A,City-wide,Green Infrastructure (Carbon Sinks),Major tree planting campaign by Bangkok Metropolitan Administration aiming to plant one million trees throughout 50 districts by 2026 for climate resilience dust pollution mitigation and biodiversity conservation reaching target in mid-2024 with plans for additional million trees.
Bangkok,Pocket Parks Program,A0206,2022/01,Ongoing,N/A,City-wide,Green Infrastructure (Carbon Sinks),15-minute park initiative creating micro-green spaces on small plots within 800 meters of residential neighborhoods using government venues empty plots and underutilized land to increase park accessibility and address severe green space deficiency throughout dense urban areas.
Bangkok,Chong Nonsi Canal Park,A0207,2021/01,2021/12,N/A,Pilot,Green Infrastructure (Carbon Sinks),Transformation of busy road median along Khlong Chong Nonsi into accessible green space with trees walkways and water features demonstrating nature-based solutions approach bringing nature back to city center providing cooling and recreation.
Bangkok,Public Park Expansion,A0208,2015/01,Ongoing,N/A,City-wide,Green Infrastructure (Carbon Sinks),Ongoing development and improvement of 40 main parks spanning 41 million square meters across city providing essential green infrastructure for recreation climate adaptation air quality improvement and biodiversity support despite continued pressure from development.
Bangkok,Electric Bus Pilot,A0209,2020/01,Ongoing,N/A,Pilot,Alternative Drive Systems and Sharing Offers,Introduction of electric bus pilot program for public transport fleet with plans for broader electrification to reduce transport sector emissions and air pollution from diesel buses supporting transition to clean energy mobility.
Bangkok,Intelligent Traffic Management,A0210,2018/01,Ongoing,N/A,City-wide,Intelligent Traffic Control,Implementation of traffic management systems including traffic surveillance cameras intelligent traffic signs and monitoring to optimize traffic flow reduce congestion and support modal shift to public transport addressing severe congestion problems.
Bangkok,SMART Tunnel,A0211,2007/01,Ongoing,N/A,Medium (District/Corridor),Intelligent Traffic Control,Innovative Stormwater Management and Road Tunnel combining traffic management with flood control preventing flash floods during monsoons while improving traffic flow demonstrating integrated infrastructure approach to climate adaptation and transport efficiency.
Bangkok,Green Building Standards,A0212,2015/01,Ongoing,N/A,City-wide,Energy-efficient Building Refurbishment,Promotion of green building practices and energy efficiency standards for new construction to reduce building sector emissions and energy consumption supporting climate resilience and sustainable development objectives for rapidly growing city.
Bangkok,Bus Lane Pilot,A0213,2023/07,Ongoing,N/A,Pilot,Expansion of Public Local Transport,Introduction of dedicated bus lane on Jalan Ampang resulting in 15 percent ridership increase demonstrating effectiveness of bus priority infrastructure for improving public transport service and encouraging modal shift from private vehicles.
Bangkok,River Transport Services,A0214,2010/01,Ongoing,N/A,Medium (District/Corridor),Expansion of Public Local Transport,Continuation and expansion of Chao Phraya Express boat services providing water-based public transport connecting old city areas and reducing reliance on road transport offering alternative mode serving areas not covered by rail transit.
Kuala Lumpur,MRT Kajang Line,A0215,2017/07,2017/07,N/A,City-wide,Expansion of Public Local Transport,Opening of first MRT line stretching 51 kilometers from Sungai Buloh to Kajang through 31 stations serving densely populated suburban areas providing high-capacity rapid transit reducing congestion and providing alternative to private vehicles with projected 442000 daily riders.
Kuala Lumpur,MRT Putrajaya Line Phase 1,A0216,2022/06,2022/06,N/A,City-wide,Expansion of Public Long-Distance Transport,Launch of second MRT line connecting Kuala Lumpur to administrative capital Putrajaya with 57.7 kilometer alignment and 36 stations including 27 elevated and 9 underground serving suburbs Cyberjaya Seri Kembangan and providing car-free commute option.
Kuala Lumpur,MRT Putrajaya Line Phase 2,A0217,2023/03,2023/03,N/A,City-wide,Expansion of Public Long-Distance Transport,Completion of full Putrajaya Line enabling end-to-end service between Kwasa Damansara and Putrajaya Sentral with fully automated driverless trains increasing daily ridership from 122000 to 128000 passengers supporting 40 percent public transport modal share target.
Kuala Lumpur,LRT Kelana Jaya Expansion,A0218,2016/06,Ongoing,N/A,City-wide,Expansion of Public Local Transport,Major expansion and modernization of light rail line adding new trains under KLAV27 project improving frequency to three minutes during peak hours enhancing capacity and reliability for commuters traveling through city center and western suburbs.
Kuala Lumpur,LRT Ampang Sri Petaling Lines,A0219,2010/01,Ongoing,N/A,City-wide,Expansion of Public Local Transport,Continued operation and improvement of existing LRT lines serving eastern and southern corridors providing essential rapid transit connectivity for suburban areas with integration into unified Rapid KL system enabling seamless transfers.
Kuala Lumpur,KL Monorail Upgrade,A0220,2010/01,Ongoing,N/A,Medium (District/Corridor),Expansion of Public Local Transport,Modernization and efficiency improvements of monorail system operating since 2003 serving short-distance travel within central business district complementing LRT and MRT networks for inner-city mobility.
Kuala Lumpur,BRT Sunway Line,A0221,2015/01,2015/12,N/A,Medium (District/Corridor),Expansion of Public Local Transport,Introduction of bus rapid transit line serving densely populated Sunway area providing dedicated busway infrastructure and priority treatment demonstrating cost-effective rapid transit solution for corridor-based demand.
Kuala Lumpur,KL Sentral Integrated Hub,A0222,2001/01,Ongoing,N/A,Medium (District/Corridor),Expansion of Public Local Transport,Development of major integrated transport hub connecting MRT LRT KTM Komuter and airport rail link enabling seamless intermodal transfers and creating focal point for transit-oriented development in city center.
Kuala Lumpur,Rapid Bus Network Expansion,A0223,2010/01,Ongoing,N/A,City-wide,Expansion of Public Local Transport,Continuous expansion of Rapid Bus network increasing fleet from 762 to 1000 buses by 2023 with real-time tracking through mobile apps improving service reliability and reducing waiting times complementing rail-based transit.
Kuala Lumpur,KTM Kommutr Modernization,A0224,2010/01,Ongoing,N/A,City-wide,Expansion of Public Local Transport,Ongoing improvement and expansion of commuter rail services connecting Kuala Lumpur with surrounding Klang Valley suburban areas providing essential regional rail connectivity for daily commuters across metropolitan area.
Kuala Lumpur,Low Carbon Society Blueprint,A0225,2011/01,2030/12,N/A,City-wide,Sustainable Land Management (Avoidance of Urban Sprawl),Comprehensive strategic framework targeting 70 percent carbon emissions reduction by 2030 through integrated approach combining green transportation solid waste management water efficiency and energy optimization to transform into climate-smart low-carbon city.
Kuala Lumpur,Structure Plan 2040,A0226,2020/01,2040/12,N/A,City-wide,Sustainable Land Management (Avoidance of Urban Sprawl),Long-term strategic planning framework establishing vision for sustainable urban development emphasizing public transport transit-oriented development green infrastructure and compact growth to manage urbanization and reduce environmental impacts.
Kuala Lumpur,TOD Implementation,A0227,2017/01,Ongoing,N/A,City-wide,Sustainable Land Management (Avoidance of Urban Sprawl),Transit-oriented development policies concentrating mixed-use development around MRT LRT and KTM stations promoting walkable neighborhoods reducing car dependency and supporting public transport viability through integrated land use and transport planning.
Kuala Lumpur,Green Infrastructure Policy,A0228,2015/01,Ongoing,N/A,City-wide,Green Infrastructure (Carbon Sinks),Framework for protection and development of urban green spaces parks and forest reserves within city despite continued loss from development pressure aiming to maintain ecological functions ecosystem services and livability through strategic green space planning.
Kuala Lumpur,Urban Park Network,A0229,2010/01,Ongoing,N/A,City-wide,Green Infrastructure (Carbon Sinks),Maintenance and management of network of public parks and green spaces providing recreation ecosystem services biodiversity habitat and climate regulation though facing challenges from urbanization pressure and inadequate per capita green space ratios.
Kuala Lumpur,Green Building Incentives,A0230,2015/01,Ongoing,N/A,City-wide,Energy-efficient Building Refurbishment,Promotion of green building design and energy efficiency through incentives and guidelines encouraging sustainable construction practices reducing building energy consumption and supporting climate mitigation goals through built environment transformation.
Kuala Lumpur,SMART Tunnel System,A0231,2007/01,Ongoing,N/A,Medium (District/Corridor),Intelligent Traffic Control,Innovative dual-purpose Stormwater Management and Road Tunnel infrastructure addressing both flood control and traffic management improving resilience to monsoon flooding while enhancing traffic flow demonstrating integrated climate adaptation and transport solution.
Kuala Lumpur,Integrated Ticketing System,A0232,2011/11,Ongoing,N/A,City-wide,Intelligent Traffic Control,Implementation of common ticketing and payment integration across Rapid KL LRT MRT and Monorail systems reducing transfer friction and improving user experience encouraging greater public transport adoption through seamless multimodal journeys.
Kuala Lumpur,Green Corridor Initiative,A0233,2019/01,Ongoing,N/A,City-wide,Expansion of Pedestrian Paths,Development of walkable green corridors connecting fragmented green spaces and places of interest throughout city center promoting walking as transport mode reducing vehicle emissions and enhancing connectivity while integrating nature into pedestrian infrastructure.
Kuala Lumpur,Adopt-A-Park Program,A0234,2015/01,Ongoing,N/A,City-wide,Green Infrastructure (Carbon Sinks),Community-based park management program enabling public private and NGO participation in park maintenance and improvement strengthening community engagement in green space stewardship supporting ecosystem services and enhancing park quality across city.
Qingdao,Low-Carbon Transport Pilot,A0235,2012/01,Ongoing,N/A,City-wide,Expansion of Public Local Transport,Qingdao was designated as one of sixteen cities in China's second batch of Low-Carbon Transportation System pilot cities to promote public transportation priority and reduce carbon emissions from the transport sector.
Qingdao,Metro Line 3 Opening,A0236,2015/12,2015/12,N/A,City-wide,Expansion of Public Local Transport,Qingdao opened its first metro line connecting major urban areas to provide high-capacity public transport and reduce reliance on private vehicles.
Qingdao,Tram System Launch,A0237,2016/08,2016/08,N/A,Medium (District/Corridor),Expansion of Public Local Transport,Modern tram system introduced in Qingdao to serve medium-capacity transit needs and connect neighborhoods with lower environmental impact than buses.
Qingdao,Public Bicycle Sharing,A0238,2016/01,Ongoing,N/A,City-wide,Expansion of Bicycle Paths,City-wide public bicycle sharing system established to promote cycling as complement to public transport and reduce short-distance car trips.
Qingdao,Metro Network Expansion,A0239,2016/01,2023/12,N/A,City-wide,Expansion of Public Local Transport,Progressive expansion of metro network with multiple new lines to increase public transport coverage and capacity across the city.
Qingdao,Residential Building Retrofit,A0240,2015/01,2020/12,N/A,City-wide,Energy-efficient Building Refurbishment,Large-scale retrofit program targeting twenty-four point four seven million square meters of residential buildings achieving average energy savings of forty percent.
Qingdao,Public Building Retrofit,A0241,2015/01,2020/12,N/A,City-wide,Energy-efficient Building Refurbishment,Comprehensive energy efficiency improvements implemented across six point four seven million square meters of public buildings to reduce operational emissions.
Qingdao,Zero-Carbon Zone Pilots,A0242,2020/01,Ongoing,N/A,Pilot,Green Infrastructure (Carbon Sinks),Pilot projects in West Coast New Area and Sino-German Eco-Park to demonstrate low-carbon and zero-carbon urban development approaches.
Qingdao,Electric Bus Fleet,A0243,2018/01,Ongoing,N/A,City-wide,Alternative Drive Systems and Sharing Offers,Progressive deployment of electric buses in public transport fleet to reduce emissions and demonstrate clean energy vehicle adoption.
Qingdao,Bicycle Infrastructure Expansion,A0244,2013/01,Ongoing,N/A,City-wide,Expansion of Bicycle Paths,Development of dedicated bicycle lanes and paths following national guidelines to promote cycling as sustainable transport mode.
Cairo,Metro Line 3 Extension,A0245,2014/05,2022/12,N/A,City-wide,Expansion of Public Local Transport,Extension and completion of Metro Line 3 to expand rapid transit network capacity and provide alternatives to road transport.
Cairo,Cairo Metro Network,A0246,1987/09,Ongoing,N/A,City-wide,Expansion of Public Local Transport,Africa's oldest metro system continues operations as backbone of Cairo public transport serving millions of daily passengers.
Cairo,Eastern Monorail Construction,A0247,2020/01,Ongoing,N/A,City-wide,Expansion of Public Long-Distance Transport,Construction of fifty-four kilometer elevated monorail connecting New Capital with Cairo using electric rail technology for emission-free operation.
Cairo,Western Monorail Construction,A0248,2020/01,Ongoing,N/A,City-wide,Expansion of Public Long-Distance Transport,Development of forty-two kilometer monorail linking Sixth of October City with Giza as part of green transportation network expansion.
Cairo,BRT System Planning,A0249,2015/01,2023/12,N/A,City-wide,Expansion of Public Local Transport,Feasibility studies and planning for Bus Rapid Transit system along Ring Road to provide high-capacity alternative to microbuses.
Cairo,Light Rail Transit,A0250,2020/01,Ongoing,N/A,Medium (District/Corridor),Expansion of Public Local Transport,Construction of ninety kilometer Light Rail Transit system to connect Cairo with western suburbs using electric train technology.
Cairo,Fuel Subsidy Reform,A0251,2014/06,2014/06,N/A,City-wide,Intelligent Traffic Control,Removal of fuel subsidies causing private transport costs to double and encouraging shift to public transport modes.
Cairo,Old Taxi Replacement,A0252,2010/01,Ongoing,N/A,City-wide,Alternative Drive Systems and Sharing Offers,Program to replace aging taxi fleet with more fuel-efficient and lower-emission vehicles to reduce transport sector emissions.
Cairo,Inspection and Maintenance,A0253,2010/01,Ongoing,N/A,City-wide,Alternative Drive Systems and Sharing Offers,Strict vehicle inspection and maintenance programs implemented to ensure vehicles meet emission standards and reduce pollution.
Cairo,Green Bonds for Monorail,A0254,2021/01,2021/01,N/A,City-wide,Alternative Drive Systems and Sharing Offers,First green climate bonds in Middle East issued to finance Eastern Monorail project demonstrating innovative climate finance approaches.
London,Congestion Charge Zone,A0255,2003/02,Ongoing,N/A,Medium (District/Corridor),Intelligent Traffic Control,Daily charge for vehicles entering central London to reduce traffic congestion and encourage public transport and active travel modes.
London,ULEZ Introduction,A0256,2019/04,Ongoing,N/A,Medium (District/Corridor),Intelligent Traffic Control,Ultra Low Emission Zone established in central London with daily charge for high-polluting vehicles to improve air quality.
London,ULEZ First Expansion,A0257,2021/10,Ongoing,N/A,City-wide,Intelligent Traffic Control,Expansion of Ultra Low Emission Zone to North and South Circular roads covering three point eight million people.
London,Elizabeth Line Opening,A0258,2022/05,2022/11,N/A,City-wide,Expansion of Public Long-Distance Transport,Major east-west railway line opened providing high-frequency high-capacity service connecting forty-one stations and reducing journey times across London.
London,Cycleway Network Expansion,A0259,2016/01,2023/12,N/A,City-wide,Expansion of Bicycle Paths,Strategic cycle network expanded from ninety kilometers in two thousand sixteen to over three hundred sixty kilometers by two thousand twenty-four.
London,Santander Cycle Scheme,A0260,2010/07,Ongoing,N/A,City-wide,Alternative Drive Systems and Sharing Offers,Public bicycle hire scheme with over twelve thousand bikes available from eight hundred docking stations to make cycling accessible and affordable.
London,RE:FIT Building Retrofit,A0261,2011/01,Ongoing,N/A,City-wide,Energy-efficient Building Refurbishment,Program to retrofit public buildings achieving ninety-three million pounds investment in six hundred nineteen buildings cutting annual energy costs.
London,RE:NEW Home Retrofit,A0262,2011/01,Ongoing,N/A,City-wide,Energy-efficient Building Refurbishment,Retrofit Accelerator program making homes warmer and more energy efficient helping organizations implement projects to cut carbon emissions.
London,School Streets Program,A0263,2017/01,Ongoing,N/A,City-wide,Expansion of Pedestrian Paths,Timed road closures outside schools to reduce traffic and pollution creating safer environments for walking and cycling.
London,Pedestrian Crossing Expansion,A0264,2019/01,2020/06,N/A,City-wide,Expansion of Pedestrian Paths,Two hundred fifty new or improved pedestrian crossings installed to make walking safer and more convenient across London.
London,Protected Cycle Lanes,A0265,2016/01,2020/12,N/A,City-wide,Expansion of Bicycle Paths,One hundred sixty-two kilometers of protected cycling space completed or under construction tripling provision compared to two thousand sixteen.
London,Streetspace Program,A0266,2020/05,2021/12,N/A,City-wide,Expansion of Pedestrian Paths,COVID-19 response creating one of world's largest car-free zones with streets converted to walking and cycling only.
London,Junction Safety Improvements,A0267,2015/01,2020/12,N/A,City-wide,Expansion of Bicycle Paths,Twenty-five of capital's most dangerous junctions transformed for walking and cycling safety achieving forty-six percent collision reduction.
London,Park Lane Cycle Lane,A0268,2020/06,2020/06,N/A,Medium (District/Corridor),Expansion of Bicycle Paths,Segregated cycle lane installed overnight on former urban motorway with twenty mph speed limit to make cycling safer.
London,Low Emission Zone,A0269,2008/02,Ongoing,N/A,City-wide,Intelligent Traffic Control,Zone requiring large diesel vehicles like buses and lorries to meet emission standards with daily charges for non-compliant vehicles.
London,Green Infrastructure Strategy,A0270,2019/01,Ongoing,N/A,City-wide,Green Infrastructure (Carbon Sinks),Urban greening and biodiversity net gain requirements for developments to improve green infrastructure and create carbon sinks.
London,City of London Retrofit First,A0271,2020/01,Ongoing,N/A,Medium (District/Corridor),Sustainable Land Management (Avoidance of Urban Sprawl),Policy requiring major developments to retain and reuse at least fifty percent of existing building superstructure to reduce embodied carbon.
London,Parking Policy Reform,A0272,2004/01,Ongoing,N/A,City-wide,Sustainable Land Management (Avoidance of Urban Sprawl),Elimination of minimum parking requirements and adoption of maximum limits on off-street parking to reduce car dependency.
London,Transit-Oriented Development,A0273,2010/01,Ongoing,N/A,City-wide,Sustainable Land Management (Avoidance of Urban Sprawl),Strategic focus on development around public transport nodes to promote compact urban form and reduce car travel needs.
London,Business Energy Challenge,A0274,2010/01,2014/12,N/A,City-wide,Energy-efficient Building Refurbishment,Awards scheme driving energy efficiency in commercial sector with fifty-eight businesses reducing consumption by one hundred eighty-one thousand eight hundred ninety-two megawatt-hours.
Seoul,Cheonggyecheon Restoration,A0275,2005/09,2005/09,N/A,Medium (District/Corridor),Green Infrastructure (Carbon Sinks),Eleven kilometer urban stream restoration project removing elevated highway and creating continuous green corridor with parks and pedestrian paths reducing urban heat island effect and restoring biodiversity.
Seoul,Ttareungi Bike Share Launch,A0276,2015/10,Ongoing,N/A,City-wide,Alternative Drive Systems and Sharing Offers,Public bicycle sharing system established with over two thousand seven hundred rental stations providing convenient access to bikes for daily commuting and reducing carbon emissions from transport.
Seoul,Transport Vision 2030,A0277,2013/01,Ongoing,N/A,City-wide,Expansion of Public Local Transport,Comprehensive twenty-year vision prioritizing pedestrians and public transport with goals to reduce car traffic by thirty percent and shorten commuting times through enhanced metro and bus services.
Seoul,Sejong-daero Pedestrian Path,A0278,2021/01,2021/01,N/A,Medium (District/Corridor),Expansion of Pedestrian Paths,Major road redesign reducing twelve-lane vehicle corridor to create pedestrian forest path with twice the area of Seoul Plaza including bicycle lanes and extensive green spaces.
Seoul,Climate Card Transit Pass,A0279,2024/01,Ongoing,N/A,City-wide,Expansion of Public Local Transport,Unlimited monthly transit pass for sixty-five thousand won providing access to all subway lines buses and bike sharing to increase public transport use and reduce greenhouse gas emissions.
Seoul,TOPIS Traffic System,A0280,2004/01,Ongoing,N/A,City-wide,Intelligent Traffic Control,Comprehensive intelligent traffic system collecting real-time data from buses and traffic centers to optimize signal timing manage congestion and provide public information through digital platforms.
Seoul,Electric Bus Fleet Program,A0281,2018/01,Ongoing,N/A,City-wide,Alternative Drive Systems and Sharing Offers,Progressive deployment of electric buses with nearly two thousand supplied by 2024 representing twenty-two percent of city and village buses reducing emissions and promoting clean vehicle adoption.
Seoul,Electric Vehicle Initiative,A0282,2022/01,Ongoing,N/A,City-wide,Alternative Drive Systems and Sharing Offers,Five-year plan targeting ten percent of cars and one hundred percent of newly registered motorbikes and delivery trucks to be electric by 2026 with purchase subsidies and charging infrastructure expansion.
Seoul,Hydrogen Bus Program,A0283,2021/01,Ongoing,N/A,City-wide,Alternative Drive Systems and Sharing Offers,Plan to operate one thousand hydrogen fuel cell buses by 2025 with eleven hydrogen fueling stations replacing diesel airport buses to reduce transport sector greenhouse gas emissions.
Seoul,Bicycle Path Expansion,A0284,2016/01,2023/12,N/A,City-wide,Expansion of Bicycle Paths,Strategic development of dedicated bicycle lanes and paths following national guidelines to create comprehensive cycling network connecting neighborhoods with metro stations and key destinations.
Seoul,School Streets Program,A0285,2017/01,Ongoing,N/A,City-wide,Expansion of Pedestrian Paths,Timed road closures outside schools during drop-off and pick-up times to reduce traffic and pollution creating safer walking and cycling environments for children.
Seoul,Night Bus Service Expansion,A0286,2022/01,Ongoing,N/A,City-wide,Expansion of Public Local Transport,Extension of night bus services to provide public transport accessibility during late hours supporting shift workers and reducing reliance on private vehicles for nighttime travel.
Seoul,Autonomous Bus Service,A0287,2022/01,Ongoing,N/A,Pilot,Expansion of Public Local Transport,Launch of self-driving bus services operating at five key locations along two point six kilometer routes showcasing autonomous technology and providing public transport to tourist attractions.
Seoul,LEED-ND Seoul System,A0288,2023/01,Ongoing,N/A,City-wide,Sustainable Land Management (Avoidance of Urban Sprawl),Collaboration with US Green Building Council to develop Seoul-Style LEED for Neighborhood Development evaluating sustainability on district-wide scale emphasizing transit connectivity and green infrastructure.
Nanjing,Metro Line 1 Opening,A0289,2005/09,2005/09,N/A,City-wide,Expansion of Public Local Transport,First metro line opened with sixteen stations covering twenty-one point seven kilometers establishing Nanjing as sixth city in mainland China with rapid transit system.
Nanjing,Metro Network Expansion,A0290,2005/01,2023/12,N/A,City-wide,Expansion of Public Local Transport,Progressive expansion of metro system to fourteen lines with two hundred thirty-six stations running on five hundred twenty-one kilometers of track providing comprehensive urban coverage.
Nanjing,Street Design Guidelines,A0291,2016/01,Ongoing,N/A,City-wide,Expansion of Pedestrian Paths,Development of urban street design guide emphasizing walking and cycling with reduced vehicle space to create safer more pleasant pedestrian environments following Shanghai model.
Nanjing,Public Bicycle System,A0292,2010/01,Ongoing,N/A,City-wide,Expansion of Bicycle Paths,Introduction of city-wide public bicycle system with docking stations throughout urban areas promoting cycling as sustainable transport mode for short-distance trips.
Nanjing,Sponge City Initiative,A0293,2015/01,Ongoing,N/A,City-wide,Green Infrastructure (Carbon Sinks),Implementation of sponge city principles using green infrastructure wetlands and permeable surfaces to manage stormwater reduce flooding and improve water quality through nature-based solutions.
Nanjing,Electric Bicycle Integration,A0294,2010/01,Ongoing,N/A,City-wide,Alternative Drive Systems and Sharing Offers,Widespread adoption of electric bicycles as sustainable transport option providing low-cost mobility and reducing reliance on traditional vehicles for medium-distance urban travel.
Nanjing,Shared Bicycle Program,A0295,2016/01,Ongoing,N/A,City-wide,Expansion of Bicycle Paths,Large-scale deployment of dockless shared bicycles throughout city enabling convenient short-distance trips and achieving daily carbon reduction of approximately forty-three tons.
Nanjing,Vertical Forest Project,A0296,2018/01,Ongoing,N/A,Pilot,Green Infrastructure (Carbon Sinks),Construction of two towers covered with eleven hundred trees and numerous shrubs to produce oxygen reduce air pollution and demonstrate vertical greening principles in dense urban areas.
Nanjing,Green Building Standards,A0297,2015/01,Ongoing,N/A,City-wide,Energy-efficient Building Refurbishment,Implementation of green building certification and energy efficiency standards for new construction and retrofits promoting sustainable building practices and reducing operational emissions.
Nanjing,Metro Bicycle Integration,A0298,2010/01,Ongoing,N/A,City-wide,Expansion of Bicycle Paths,Development of bicycle parking facilities and dedicated paths connecting metro stations enabling seamless bike-metro integration and supporting first-last mile connectivity.
Nanjing,Transit-Oriented Development,A0299,2010/01,Ongoing,N/A,City-wide,Sustainable Land Management (Avoidance of Urban Sprawl),Strategic focus on development around metro stations and transit corridors to promote compact urban form reduce sprawl and minimize car travel needs.
Nanjing,Low-Carbon Transport Pilot,A0300,2012/01,Ongoing,N/A,City-wide,Expansion of Public Local Transport,Participation in national low-carbon transportation system pilot program promoting public transport priority electric vehicles and sustainable mobility practices.
Nanjing,Blue-Green Infrastructure,A0301,2016/01,Ongoing,N/A,City-wide,Green Infrastructure (Carbon Sinks),Integration of water management systems with green spaces including rain gardens bioswales and wetlands to create multifunctional infrastructure addressing flooding and ecological restoration.
Nanjing,Campus Energy Retrofit,A0302,2014/01,2023/12,N/A,Pilot,Energy-efficient Building Refurbishment,Comprehensive renovation of Nanjing Audit University Mochou campus implementing high-performance insulation optimized windows and green materials achieving forty percent energy consumption reduction.
Mexico City,Metrobus Line 1 Launch,A0303,2005/06,2005/06,N/A,City-wide,Expansion of Public Local Transport,First BRT line opened along nineteen point four kilometer Insurgentes corridor replacing three hundred seventy-two buses with high-capacity articulated buses reducing travel times by fifty percent.
Mexico City,Metrobus Network Expansion,A0304,2005/06,2023/12,N/A,City-wide,Expansion of Public Local Transport,Progressive expansion of BRT system to seven lines totaling over one hundred twenty kilometers transporting over one million passengers daily and reducing carbon emissions significantly.
Mexico City,ECOBICI Bike Share,A0305,2010/02,Ongoing,N/A,City-wide,Alternative Drive Systems and Sharing Offers,Public bicycle sharing program with over six thousand five hundred bikes preventing estimated two hundred thirty-two tons of carbon dioxide equivalent emissions in first three years.
Mexico City,Historic Center Pedestrianization,A0306,2008/01,Ongoing,N/A,Medium (District/Corridor),Expansion of Pedestrian Paths,Transformation of historic center streets from vehicle-dominated spaces to pedestrian-friendly zones improving accessibility supporting local businesses and reducing car traffic.
Mexico City,Climate Action Program,A0307,2008/01,2012/12,N/A,City-wide,Intelligent Traffic Control,Comprehensive program reducing citywide emissions by thirteen percent in four years with transport sector contributing sixty-two percent of total reductions through BRT expansion and fleet modernization.
Mexico City,Green Taxi Retrofit,A0308,2010/01,2014/12,N/A,City-wide,Alternative Drive Systems and Sharing Offers,Program to retrofit eighty thousand taxis with cleaner technology and replace aging vehicles with more fuel-efficient models reducing transport sector emissions.
Mexico City,Muevete en Bici Program,A0309,2007/01,Ongoing,N/A,City-wide,Expansion of Bicycle Paths,Weekly car-free days on major avenues attracting over one million visitors in seven-year history promoting cycling recreation and raising awareness of sustainable transport alternatives.
Mexico City,Metro System Modernization,A0310,2010/01,Ongoing,N/A,City-wide,Expansion of Public Local Transport,Ongoing modernization and expansion of metro system with twelve lines covering two hundred twenty-six kilometers serving as backbone of public transport for twenty-one million metropolitan residents.
Mexico City,Altepetl Reforestation,A0311,2019/01,Ongoing,N/A,City-wide,Green Infrastructure (Carbon Sinks),Program financially supporting over four thousand brigade members planting sixteen point nine million specimens on sixteen thousand five hundred five hectares of conservation land.
Mexico City,Sowing Parks Program,A0312,2019/01,Ongoing,N/A,City-wide,Green Infrastructure (Carbon Sinks),Investment of over two point eight billion pesos creating and rehabilitating sixteen large parks with new green areas on five hundred hectares including urban parks forests and linear parks.
Mexico City,Solar City Initiative,A0313,2019/01,2024/12,N/A,City-wide,Energy-efficient Building Refurbishment,Program assisting over one hundred sixty-four thousand homes businesses and public buildings installing photovoltaic systems and solar water heaters improving energy efficiency and reducing consumption.
Mexico City,Electric Bus Transition,A0314,2020/01,Ongoing,N/A,City-wide,Alternative Drive Systems and Sharing Offers,Plan to electrify Metrobus Line 3 corridor and progressively transition bus fleet to electric vehicles reducing air pollution and demonstrating commitment to zero-emission public transport.
Mexico City,Bicycle Infrastructure Plan,A0315,2010/01,Ongoing,N/A,City-wide,Expansion of Bicycle Paths,Development of dedicated bicycle lanes throughout city connecting with public transport stations and creating safe cycling infrastructure to promote active mobility.
Mexico City,Microbus Modernization,A0316,2014/01,Ongoing,N/A,City-wide,Alternative Drive Systems and Sharing Offers,Program to modernize twenty-nine thousand aging microbuses with more efficient cleaner vehicles improving service quality and reducing pollution from unregulated transit operators.
Dhaka,Strategic Transport Plan Development,A0317,2005/01,Ongoing,N/A,City-wide,Expansion of Public Local Transport,The government formulated a comprehensive Strategic Transport Plan with the World Bank emphasizing the necessity of a modern clean efficient system for the metropolitan area with provisions for review every five years.
Dhaka,MRT Line 6 Construction,A0318,2016/06,2022/12,N/A,City-wide,Expansion of Public Local Transport,Construction began on the first metro rail line connecting Uttara to Kamalapur as an elevated system designed to reduce traffic congestion and improve environmental conditions financed by JICA with investment exceeding USD 2.8 billion.
Dhaka,MRT Line 6 Phase 1 Opening,A0319,2022/12,Ongoing,N/A,City-wide,Expansion of Public Local Transport,The first phase of Line 6 opened with service from Uttara North to Agargaon representing the country's first overhead electric train system to provide sustainable mass transit.
Dhaka,Pedestrian Policy Framework,A0320,2005/01,Ongoing,N/A,City-wide,Expansion of Pedestrian Paths,The Strategic Transport Plan established a pedestrian first policy as a major component prioritizing safe road crossings and continuous footpaths to transform city mobility patterns.
Dhaka,Rickshaw Lane Segregation Program,A0321,2010/01,Ongoing,N/A,Medium (District/Corridor),Expansion of Bicycle Paths,The Urban Transport Development Study proposed segregated lanes for rickshaws and non-motorized transport including dedicated crossings to improve safety and reduce conflicts with motorized traffic.
Dhaka,Bus Sector Restructuring Initiative,A0322,2005/01,Ongoing,N/A,City-wide,Expansion of Public Local Transport,The Strategic Transport Plan included comprehensive bus sector restructuring to improve service quality and consolidate operations under fewer companies to enhance public transport efficiency.
Dhaka,BRT Line Planning,A0323,2005/01,Ongoing,N/A,City-wide,Expansion of Public Local Transport,The transport plan proposed three Bus Rapid Transit lines as part of the mass transit system to provide dedicated lanes and priority signals for faster movement of passengers.
Dhaka,Bicycle Manufacturing Support,A0324,2010/01,Ongoing,N/A,City-wide,Alternative Drive Systems and Sharing Offers,The Urban Transport Development Study proposed supporting local industries for manufacturing bicycles to make them affordable and promote cycling as an alternative to motorized travel.
Dhaka,Traffic Management Enhancement,A0325,2015/01,Ongoing,N/A,City-wide,Intelligent Traffic Control,Transport planners identified that average traffic speed could be increased by nearly one-third through good traffic management interventions with projects expected to pay for themselves within a year through reduced congestion.
Dhaka,Green Space Mapping Initiative,A0326,2010/01,Ongoing,N/A,City-wide,Green Infrastructure (Carbon Sinks),Remote sensing and GIS techniques were implemented to map and monitor green infrastructure features using satellite imagery to assess urban vegetation and bio-capacity for carbon sequestration.
Dhaka,Transit-Oriented Planning,A0327,2015/01,Ongoing,N/A,City-wide,Sustainable Land Management (Avoidance of Urban Sprawl),The Revised Strategic Transport Plan adopted a concept to establish satellite regional centers to reduce population density in the central business district and connect them via mass rapid transit.
Dhaka,Pedestrian Facility Implementation,A0328,2010/01,Ongoing,N/A,Medium (District/Corridor),Expansion of Pedestrian Paths,The transport study recommended implementation of pedestrian facilities including sidewalks paths and trails along major corridors to improve safety and accessibility for non-motorized users.
Dhaka,Regional Road Development,A0329,2004/01,Ongoing,N/A,City-wide,Expansion of Public Long-Distance Transport,The Strategic Transport Plan included developing and upgrading regional roads as part of a comprehensive programme connecting the metropolitan area with surrounding communities.
Dhaka,Road Accident Reduction Program,A0330,2015/01,Ongoing,N/A,City-wide,Intelligent Traffic Control,A traffic safety audit system was proposed to eliminate accident black spots and improve licensing and vehicle inspection systems to enhance overall road safety.
New York City,Citi Bike Launch,A0331,2013/05,Ongoing,N/A,City-wide,Alternative Drive Systems and Sharing Offers,North America's largest bike share program launched with 332 stations and 6000 bikes providing an affordable sustainable transportation option funded through public-private partnership with zero cost to taxpayers.
New York City,Protected Bike Lane Expansion,A0332,2007/01,Ongoing,N/A,City-wide,Expansion of Bicycle Paths,The city began systematic installation of protected bike lanes with buffered and physically separated facilities leading to tripling of bike commuters between 2007 and 2024 reaching approximately 510000 daily trips.
New York City,Hudson River Greenway Development,A0333,1990/01,Ongoing,N/A,Medium (District/Corridor),Expansion of Pedestrian Paths,The heavily-used Class 1 bike lane along the Hudson River was developed as part of the Manhattan Waterfront Greenway providing segregated paths for cyclists and pedestrians.
New York City,Green Wave Plan Implementation,A0334,2019/01,Ongoing,N/A,City-wide,Expansion of Bicycle Paths,The administration targeted 75 miles of protected bike lanes in priority districts with high rates of cyclist injuries by 2022 completing 37.5 miles since 2017 with focus on Brooklyn and Queens communities.
New York City,Citi Bike Phase 3 Expansion,A0335,2019/07,Ongoing,N/A,City-wide,Alternative Drive Systems and Sharing Offers,Major expansion announced to double service area and triple bike fleet to 40000 bikes bringing bike share to outer boroughs including Bronx Brooklyn and Queens neighborhoods.
New York City,Ocean Parkway Bike Path,A0336,1894/01,Ongoing,N/A,Medium (District/Corridor),Expansion of Bicycle Paths,The first bike path in the United States was established in Brooklyn connecting to Coney Island demonstrating early commitment to cycling infrastructure that continues today.
New York City,Vision Zero Initiative,A0337,2014/01,Ongoing,N/A,City-wide,Intelligent Traffic Control,Comprehensive traffic safety program launched to eliminate traffic deaths through engineering enforcement and education successfully driving down fatalities through intersection redesigns and speed management.
New York City,Green Infrastructure Plan,A0338,2010/01,Ongoing,N/A,City-wide,Green Infrastructure (Carbon Sinks),The Department of Environmental Protection developed comprehensive plan to manage stormwater through green roofs bioswales and porous pavements reducing strain on gray infrastructure while creating environmental benefits.
New York City,PlaNYC Strategic Climate Plan,A0339,2007/01,Ongoing,N/A,City-wide,Sustainable Land Management (Avoidance of Urban Sprawl),Long-term strategic climate planning framework established requiring updates every four years to guide sustainable development transit-oriented growth and carbon reduction across all five boroughs.
New York City,MTA Subway System Expansion,A0340,1990/01,Ongoing,N/A,City-wide,Expansion of Public Local Transport,Continuous expansion and modernization of the subway system providing sustainable mass transit for millions of daily riders with investments in new lines station improvements and accessibility upgrades.
New York City,Bus Rapid Transit Development,A0341,2008/01,Ongoing,N/A,Medium (District/Corridor),Expansion of Public Local Transport,Select Bus Service routes were developed with dedicated lanes signal priority and off-board fare payment to provide faster more reliable bus service on key corridors across the city.
New York City,Open Streets Program,A0342,2020/01,Ongoing,N/A,Medium (District/Corridor),Expansion of Pedestrian Paths,Program closing streets to vehicle traffic for pedestrian and cyclist use expanded quality of life opportunities while promoting sustainable transportation and reducing emissions.
New York City,Electric Vehicle Infrastructure,A0343,2020/01,Ongoing,N/A,City-wide,Alternative Drive Systems and Sharing Offers,Major investment in EV charging infrastructure including installations at 500 locations and development of shared charging hubs for medium and heavy-duty electric vehicles.
New York City,Green Roofs Tax Abatement,A0344,2008/01,Ongoing,N/A,City-wide,Energy-efficient Building Refurbishment,Tax incentives implemented to encourage installation of green roofs on buildings reducing urban heat island effect managing stormwater and improving energy efficiency.
New York City,Solar Energy Expansion,A0345,2015/01,Ongoing,N/A,City-wide,Energy-efficient Building Refurbishment,Programs launched to expand solar panel installations on city-owned properties and provide tax abatements for residential solar encouraging renewable energy adoption across neighborhoods.
Ahmedabad,Janmarg BRTS Launch,A0346,2009/10,Ongoing,N/A,City-wide,Expansion of Public Local Transport,India's first full Bus Rapid Transit system opened with dedicated lanes median stations and intelligent transport management winning the 2010 Sustainable Transport Award and transforming transit in South Asia.
Ahmedabad,BRTS Network Expansion Phase 1,A0347,2009/12,Ongoing,N/A,City-wide,Expansion of Public Local Transport,Second phase of BRTS inaugurated extending the network with additional corridors connecting major destinations using euro-compliant diesel buses with automated fare collection systems.
Ahmedabad,BRTS Eastern Extension,A0348,2012/09,Ongoing,N/A,Medium (District/Corridor),Expansion of Public Local Transport,BRTS extended to Kankaria Lake and from Shivranjani to Iskcon Temple serving the eastern part of the city and providing sustainable transit access to recreational and religious destinations.
Ahmedabad,Intelligent Transport Management System,A0349,2009/01,Ongoing,N/A,City-wide,Intelligent Traffic Control,Advanced system implemented including vehicle tracking fleet management automatic fare collection passenger information and vehicle scheduling to optimize BRTS operations and improve service reliability.
Ahmedabad,Pedestrian Facilities Program,A0350,2010/01,Ongoing,N/A,Medium (District/Corridor),Expansion of Pedestrian Paths,High-quality pedestrian facilities incorporated in some BRTS corridors with improved crossings lighting and sidewalks to enhance walkability and first-mile last-mile connectivity.
Ahmedabad,Bicycle Lane Development,A0351,2010/01,Ongoing,N/A,Medium (District/Corridor),Expansion of Bicycle Paths,Bicycle lanes developed as part of sustainable transport initiatives along selected corridors to provide safe cycling infrastructure and reduce dependence on motorized vehicles.
Ahmedabad,BRTS Station Solar Design,A0352,2009/10,Ongoing,N/A,City-wide,Energy-efficient Building Refurbishment,Bus stations feature passive solar design providing natural cooling without mechanical systems reducing energy consumption while maintaining passenger comfort in hot climate conditions.
Ahmedabad,Car-Free Days Initiative,A0353,2010/01,Ongoing,N/A,City-wide,Sustainable Land Management (Avoidance of Urban Sprawl),Regular car-free days initiated to promote sustainable transport reduce emissions and raise public awareness about alternative mobility options encouraging behavioral change.
Ahmedabad,Transit-Oriented Development Planning,A0354,2015/01,Ongoing,N/A,City-wide,Sustainable Land Management (Avoidance of Urban Sprawl),Land use planning integrated with BRTS corridors to promote high-density development within influence areas reducing sprawl and supporting public transport ridership.
Ahmedabad,Euro-Compliant Fleet Deployment,A0355,2009/01,Ongoing,N/A,City-wide,Alternative Drive Systems and Sharing Offers,Fleet of 220 Euro III and IV compliant diesel buses deployed reducing emissions compared to conventional vehicles while providing cleaner public transport services.
Ahmedabad,Smart Card Fare System,A0356,2009/01,Ongoing,N/A,City-wide,Intelligent Traffic Control,Automated fare collection through smart cards introduced to streamline boarding reduce cash handling and improve operational efficiency while providing data for system optimization.
Ahmedabad,BRTS-AMTS Integration Planning,A0357,2005/01,Ongoing,N/A,City-wide,Expansion of Public Local Transport,Feasibility studies conducted by CEPT University to integrate new BRTS with existing municipal bus services analyzing travel demand patterns and network characteristics for comprehensive public transport.
Ahmedabad,Green Space Preservation,A0358,2010/01,Ongoing,N/A,City-wide,Green Infrastructure (Carbon Sinks),Urban planning efforts to preserve existing green spaces and integrate vegetation along transport corridors to maintain carbon sinks and provide environmental benefits.
Ahmedabad,Compact City Development,A0359,2005/01,Ongoing,N/A,City-wide,Sustainable Land Management (Avoidance of Urban Sprawl),Planning approach maintaining compact mixed-use development patterns across the 490 square kilometer area to reduce travel distances and support sustainable transport modes.
Ahmedabad,Regional Bus Connectivity,A0360,2010/01,Ongoing,N/A,City-wide,Expansion of Public Long-Distance Transport,Enhanced regional bus services connecting Ahmedabad metropolitan area with surrounding communities providing sustainable long-distance transport options.
Bogotá,TransMilenio BRT Launch,A0361,2000/12,Ongoing,N/A,City-wide,Expansion of Public Local Transport,Bus rapid transit system launched with dedicated lanes serving as the backbone of public transport. The system initially covered forty kilometers with eight hundred thousand daily passengers and has expanded to serve over two million daily users. TransMilenio uses articulated buses on exclusive corridors reducing traffic congestion and carbon emissions by more than one point seven million tons between two thousand six and two thousand nine.
Bogotá,Ciclovía Weekly Program,A0362,1982/01,Ongoing,N/A,City-wide,Expansion of Pedestrian Paths,Every Sunday approximately one hundred twenty kilometers of main avenues are closed to vehicles for seven hours allowing one point five million residents to walk cycle and recreate safely. The program promotes active mobility and healthy lifestyles while reducing automobile dependence and has become a model for cities worldwide.
Bogotá,Cicloruta Network Phase 1,A0363,1998/06,2008/12,N/A,City-wide,Expansion of Bicycle Paths,Initial construction of over two hundred fifty kilometers of dedicated bicycle paths with investment of approximately two hundred million dollars between nineteen ninety-eight and two thousand eight. The network increased cycling modal share from zero point five eight percent in nineteen ninety-eight to approximately five percent by two thousand ten providing safe infrastructure for daily commuters.
Bogotá,Cicloruta Network Expansion,A0364,2009/01,2023/12,N/A,City-wide,Expansion of Bicycle Paths,Continued expansion of bicycle infrastructure adding approximately three hundred fifty additional kilometers to reach over five hundred eighty three kilometers by two thousand nineteen. The expansion included dedicated lanes along main roads secondary streets and through parks integrating cycling as a primary transportation mode with approximately eight hundred thousand daily cycling trips.
Bogotá,SITP Integration,A0365,2011/01,2020/12,N/A,City-wide,Expansion of Public Local Transport,Integrated Public Transport System streamlined informal bus services into a safe coherent user-friendly network reaching virtually every corner of the city. The system features well-designed stops bus priority lanes advanced user information and modern vehicle fleet including nine hundred electric buses improving service quality and accessibility.
Bogotá,Electric Bus Fleet Phase 1,A0366,2016/03,2022/04,N/A,City-wide,Alternative Drive Systems and Sharing Offers,Introduction of first electric buses through partnership with Chinese manufacturer BYD beginning with pilot articulated electric buses. By twenty twenty-two over four hundred electric buses were operational reducing particulate matter emissions by one point five tons per year and carbon emissions by three thousand two hundred tons annually compared to diesel alternatives.
Bogotá,Electric Bus Fleet Expansion,A0367,2022/05,2023/12,N/A,City-wide,Alternative Drive Systems and Sharing Offers,Major expansion deploying additional one thousand two electric buses bringing total electric fleet to approximately fourteen hundred eighty five vehicles by end of twenty twenty-three. This fleet prevents ninety four thousand three hundred tons of carbon dioxide emissions annually equivalent to removing forty two thousand private cars from roads making Bogotá the largest electric bus fleet in Latin America.
Bogotá,Bicycle Path Master Plan,A0368,1998/01,2024/12,N/A,City-wide,Expansion of Bicycle Paths,Comprehensive master plan developed by Urban Development Institute aimed to create coordinated citywide bicycle network. Implementation resulted in construction of over eight hundred kilometers of bicycle paths by twenty twenty-four with plans for continued expansion supporting over one million daily cycling trips and promoting sustainable mobility alternatives.
Bogotá,Car-Free Day Program,A0369,2000/02,Ongoing,N/A,City-wide,Intelligent Traffic Control,Annual event institutionalized through public referendum where six hundred thousand private vehicles are banned from streets for full day. The measure reduces traffic fatalities air pollution and demonstrates viability of alternative transportation while raising awareness about sustainable mobility options and their environmental benefits.
Bogotá,Building Energy Code Implementation,A0370,2016/12,2019/06,N/A,City-wide,Energy-efficient Building Refurbishment,Implementation of national green building codes at local level with adaptations for city-specific conditions and climate. The code requires energy efficiency standards for new construction and major renovations focusing on envelope performance lighting and mechanical systems contributing to reduced building sector energy consumption and emissions.
Bogotá,Simon Bolivar Park Expansion,A0371,2000/01,2015/12,N/A,District,Green Infrastructure (Carbon Sinks),Expansion and improvement of largest urban park serving as green lung for air quality improvement. The park provides recreational space while acting as carbon sink and biodiversity habitat contributing to urban ecosystem services and climate resilience through extensive tree coverage and natural vegetation.
Bogotá,Urban Forests Initiative,A0372,2008/01,2023/12,N/A,City-wide,Green Infrastructure (Carbon Sinks),Botanical garden planted eighty thousand new trees between two thousand eight and two thousand eleven adding to existing one million sixty six thousand trees in public spaces. Tree coverage increased by seventy one point four hectares contributing to carbon sequestration air quality improvement and urban heat island mitigation with native species providing biodiversity benefits.
Bogotá,POT Master Plan 2019,A0373,2019/01,Ongoing,N/A,City-wide,Sustainable Land Management (Avoidance of Urban Sprawl),Comprehensive urban master plan integrating climate change policies with land-use planning through eco-efficiency framework. The plan promotes transit-oriented development around public transport nodes to discourage private car use reduce urban sprawl and ensure responsible efficient territorial management through concrete mitigation and adaptation measures.
Bogotá,TransMiCable Launch,A0374,2018/12,Ongoing,N/A,District,Expansion of Public Local Transport,Cable car system connecting underserved southern communities to main transport network transporting twenty four thousand passengers daily. The system transformed accessibility for Ciudad Bolivar residents saving twenty two minutes per trip with eighty percent of trips made via public transport improving mobility for low-income communities previously excluded from opportunities.
Hong Kong,MTR Mass Transit Railway Expansion,A0375,1979/10,Ongoing,N/A,City-wide,Expansion of Public Local Transport,Continuous expansion of electrified metro rail system serving as backbone of public transport across all eighteen districts. The MTR accounts for forty seven percent of public transport journeys with over ninety percent of daily trips made on public transport making it one of the highest rates globally while reducing reliance on private vehicles.
Hong Kong,MTR Climate Strategy,A0376,2020/01,Ongoing,N/A,City-wide,Alternative Drive Systems and Sharing Offers,Commitment to carbon neutrality by twenty fifty with science-based targets for twenty thirty approved by Science Based Targets Initiative in twenty twenty-three. Strategy includes reducing energy usage enhancing efficiency generating clean energy with regenerative braking technology and solar photovoltaic systems targeting one million kilowatt hours renewable energy by twenty twenty-three.
Hong Kong,BEAM Plus Certification Launch,A0377,2010/01,Ongoing,N/A,City-wide,Energy-efficient Building Refurbishment,Introduction of comprehensive green building rating system assessing sustainability performance including energy efficiency water conservation and indoor environmental quality. Over three thousand buildings and projects certified since nineteen ninety-six saving seven hundred ten thousand eight hundred fifty megawatt hours electricity annually equivalent to one hundred forty six thousand households.
Hong Kong,Building Energy Efficiency Ordinance,A0378,2012/09,Ongoing,N/A,City-wide,Energy-efficient Building Refurbishment,Mandatory energy efficiency requirements for commercial buildings with tax deductions for buildings achieving enhanced performance through BEAM Plus or international standards. Buildings account for ninety percent of electricity consumption and sixty percent of carbon emissions making this regulation critical for decarbonization of building sector.
Hong Kong,Zero Carbon Building,A0379,2012/09,Ongoing,N/A,Pilot,Energy-efficient Building Refurbishment,First building demonstrating feasibility of net-zero energy consumption in dense urban environment constructed by Construction Industry Council. The facility showcases passive design natural lighting cross ventilation green roofs and renewable energy generation serving as educational tool and proof of concept for zero carbon construction.
Hong Kong,Hin Keng Station Green Design,A0380,2020/02,Ongoing,N/A,Pilot,Energy-efficient Building Refurbishment,Railway station opened with extensive green roof natural lighting cross ventilation and sustainable features achieving Very Good BREEAM In-Use rating in twenty twenty-one upgraded to Excellent in twenty twenty-three. First railway station globally to receive this rating demonstrating integration of sustainability into transport infrastructure.
Hong Kong,Electric Vehicle Policy,A0381,2020/10,Ongoing,N/A,City-wide,Alternative Drive Systems and Sharing Offers,Roadmap for popularization of electric vehicles published in twenty twenty-one with target to phase out internal combustion engine vehicles by twenty thirty-five. Policy includes tax exemptions subsidies for charging infrastructure and expansion to one hundred fifty thousand private charging stations by twenty twenty-five with over fifty five thousand electric vehicles registered by twenty twenty-three.
Hong Kong,Smart Mobility Program,A0382,2022/06,Ongoing,N/A,City-wide,Intelligent Traffic Control,Establishment of joint laboratory with university to promote innovative technology in railway services and smart city development. Investment of over three hundred million Hong Kong dollars from twenty twenty-two to twenty twenty-five to foster innovation smart mobility and contribute to carbon neutrality goal through application of technology.
Hong Kong,Tung Chung Line Extension,A0383,2023/01,Ongoing,N/A,District,Expansion of Public Long-Distance Transport,Extension of metro line to growing development southeast of airport improving connectivity for residential and employment areas. The extension expands electrified rail network reducing reliance on road-based transport and providing sustainable travel options for growing communities.
Hong Kong,Country Parks Protection,A0384,1976/01,Ongoing,N/A,City-wide,Green Infrastructure (Carbon Sinks),Preservation of approximately forty percent of territory as country parks and nature reserves totaling over four hundred forty square kilometers. These protected areas provide carbon sequestration biodiversity conservation recreational opportunities and serve as critical green infrastructure limiting urban sprawl and maintaining ecological balance in highly dense environment.
Hong Kong,Intelligent Transport System,A0385,2001/01,Ongoing,N/A,City-wide,Intelligent Traffic Control,Comprehensive traffic management system using CCTV sensors and Area Traffic Control to optimize traffic flow through signals message signboards and lane controls. System includes Traffic Incident Management System disseminating real-time traffic information to public improving overall road network capacity and reducing congestion-related emissions.
Hong Kong,Transit-Oriented Development Policy,A0386,2000/01,Ongoing,N/A,City-wide,Sustainable Land Management (Avoidance of Urban Sprawl),Rail Plus Property business model integrating transport infrastructure with high-density mixed-use development around transit nodes. Policy concentrates development near stations reducing need for private vehicles preserving natural areas and supporting efficient land use in constrained urban environment with twelve thousand persons per square kilometer.
Hong Kong,Green Building Incentives,A0387,2018/01,Ongoing,N/A,City-wide,Energy-efficient Building Refurbishment,Tax deduction program offering one-time benefits for buildings achieving energy efficiency exceeding minimum requirements under Buildings Energy Efficiency Ordinance. Additional floor area bonuses provided for incorporating green design elements incentivizing property developers to invest in sustainable construction and retrofits.
Chennai,Metro Rail Phase 1,A0388,2015/06,2023/12,N/A,City-wide,Expansion of Public Local Transport,Launch and expansion of first metro rail corridors covering fifty four kilometers connecting key areas of city. Phase one provides fast reliable electrified public transport alternative reducing road congestion and emissions while improving accessibility for commuters previously dependent on crowded buses and private vehicles.
Chennai,Metro Rail Phase 2 Planning,A0389,2018/12,Ongoing,N/A,City-wide,Expansion of Public Local Transport,Detailed project report finalized for three new metro corridors spanning one hundred eighteen point nine kilometers with Union Cabinet approval in October twenty twenty-four. The expansion will integrate multimodal transport including bicycle facilities climate-resilient design and accessibility features creating comprehensive sustainable transport network.
Chennai,Street Design Project Launch,A0390,2012/01,Ongoing,N/A,City-wide,Expansion of Pedestrian Paths,Policy initiative requiring sixty percent of transport budget allocated to pedestrian and cyclist infrastructure including widened sidewalks safe bicycle lanes improved intersections and street furniture. Project addresses ten thousand annual traffic crashes and prioritizes non-motorized transport modes over private automobiles improving safety and accessibility.
Chennai,MTC Bus Fleet Modernization,A0391,2011/01,2023/12,N/A,City-wide,Expansion of Public Local Transport,Metropolitan Transport Corporation fleet upgraded and expanded from approximately three thousand buses operating on over six hundred routes. System serves over two point eight million daily passengers as primary public transport mode providing affordable accessible service across Chennai Metropolitan Area reducing private vehicle dependence.
Chennai,Electric Bus Deployment,A0392,2023/06,Ongoing,N/A,City-wide,Alternative Drive Systems and Sharing Offers,Inauguration of first one hundred twenty electric buses in June twenty twenty-three marking Tamil Nadu's first zero-emission bus deployment. Phase one includes six hundred twenty five buses by February twenty twenty-six with additional six hundred in phase two totaling one thousand two hundred fifty electric buses reducing diesel emissions and improving air quality.
Chennai,Intelligent Transport System,A0393,2019/01,Ongoing,N/A,City-wide,Intelligent Traffic Control,Implementation of comprehensive traffic and transport management system at cost of six hundred sixty crore rupees including GPS vehicle tracking electronic ticketing passenger information adaptive signal control and real-time monitoring. System optimizes traffic flow reduces travel time enhances passenger safety and improves operational efficiency across bus fleet and road network.
Chennai,Green Building Certification Program,A0394,2004/01,2023/12,N/A,City-wide,Energy-efficient Building Refurbishment,Leadership in achieving forty two LEED certified green buildings by twenty eleven with Chennai leading country in green certifications. Notable examples include Olympia Tech Park World Bank building and Express Avenue mall featuring energy efficiency water recycling natural lighting and reduced environmental impact.
Chennai,Lake Restoration Project,A0395,2015/01,Ongoing,N/A,City-wide,Green Infrastructure (Carbon Sinks),Restoration and beautification of fifty seven water bodies expanding water holding capacity and groundwater renewal. Projects include desilting building walkways creating parks around lakes reducing flooding improving water security and providing green spaces for recreation and ecosystem services.
Chennai,Miyawaki Urban Forests,A0396,2020/01,Ongoing,N/A,City-wide,Green Infrastructure (Carbon Sinks),Initiative to create dense urban forests using Miyawaki method achieving growth ten times faster and yield thirty times denser than traditional plantations. Projects include Kanagam forest in Anna Nagar with seventeen hundred native trees and one thousand flowering berry-bearing plants providing biodiversity habitat carbon sequestration and temperature regulation.
Chennai,Comprehensive Mobility Plan,A0397,2019/01,Ongoing,N/A,City-wide,Sustainable Land Management (Avoidance of Urban Sprawl),Twenty-five year transportation master plan guiding sustainable urban mobility development prepared by Chennai Unified Metropolitan Transport Authority. Plan mandates transit-oriented development provision of non-motorized transport infrastructure integrated multimodal systems and policies to reduce travel demand and urban sprawl.
Chennai,Parking Management Pilot,A0398,2023/01,Ongoing,N/A,District,Intelligent Traffic Control,Pilot program in Anna Nagar managing on-street parking on twenty five kilometers of roads using technology and ground teams. Initiative includes hourly parking fees enforcement measures and aims to reduce congestion improve traffic flow and discourage private vehicle use near three metro stations.
Chennai,Bicycle Infrastructure Initiative,A0399,2012/01,2023/12,N/A,City-wide,Expansion of Bicycle Paths,Development of dedicated bicycle lanes and infrastructure as part of street design project despite Chennai's hot climate and topography. Initiative promotes cycling as sustainable transport mode includes bicycle facilities at metro stations and aims to increase modal share supporting healthier more environmentally friendly commuting options.
Chennai,Transit-Oriented Development Policy,A0400,2015/01,Ongoing,N/A,City-wide,Sustainable Land Management (Avoidance of Urban Sprawl),Integration of land use and transport planning concentrating development around public transport corridors and stations. Policy promotes higher density mixed-use development near metro and bus routes reducing need for private vehicles limiting urban sprawl and improving accessibility to employment education and services.
Santiago,Pedestrian Historical Center,A0401,2010/01,Ongoing,N/A,Medium (District/Corridor),Expansion of Pedestrian Paths,Transformation of main streets in Santiago's Historic Center featuring complete streets redesign with pedestrian-friendly design including closure of Calle Placer to cars on weekends during popular markets.
Santiago,Calle Aillavilú Pedestrianization,A0402,2015/06,2017/01,N/A,Pilot,Expansion of Pedestrian Paths,Transformation of Calle Aillavilú from a car-congested unregulated parking lot to a pedestrian-friendly oasis featuring complete streets redesign with public transport exclusive corridors.
Santiago,Speed Limit Reduction,A0403,2018/01,Ongoing,N/A,City-wide,Expansion of Pedestrian Paths,Reduction of urban speed limits from 60 to 50 km per hour to improve pedestrian safety resulting in a 7 percent decrease in accidents and 3 percent reduction in deaths.
Santiago,Copacabana Speed Reduction,A0404,2009/06,Ongoing,N/A,Medium (District/Corridor),Expansion of Pedestrian Paths,Permanent speed limit reduction on 70 percent of streets in Copacabana neighborhood following successful car-free streets day to improve pedestrian safety.
Santiago,Providencia Pedestrian Passages,A0405,1990/01,Ongoing,N/A,Medium (District/Corridor),Expansion of Pedestrian Paths,Development and maintenance of pedestrian passages in the upscale retail area of Providencia creating socially and commercially successful pedestrian zones.
Santiago,Cycling Infrastructure Expansion,A0406,2006/01,2018/12,N/A,City-wide,Expansion of Bicycle Paths,Major expansion of cycling infrastructure from 198 km in 2013 to 345 km in 2018 with cycling modal share increasing from 2 percent in 2006 to 7 percent raising Santiago among top Latin American cycling cities.
Santiago,BikeSantiago Launch,A0407,2014/06,Ongoing,N/A,City-wide,Alternative Drive Systems and Sharing Offers,Introduction of bike share program with multiple stations scattered around the city providing free and affordable bike rental services integrated with public transport system.
Santiago,Ciclo Recreovia Program,A0408,2010/06,Ongoing,N/A,City-wide,Expansion of Bicycle Paths,Development of recreational cycling program closing major streets to motor vehicles every Sunday from 9am to 1pm providing over 20 km of car-free routes for families and reducing social segregation.
Santiago,School Cycling Education,A0409,2015/01,Ongoing,N/A,City-wide,Expansion of Bicycle Paths,Implementation of pilot and traffic education programs in kindergartens and primary schools to introduce cycling culture early in life promoting sustainable transport from childhood.
Santiago,Cycling Master Plan,A0410,2014/01,Ongoing,N/A,City-wide,Expansion of Bicycle Paths,Publication of Non-Motorized Transport Master Plan aiming to raise cycling modal share from 4 percent to 20 percent by 2020 with improved infrastructure and policy support.
Santiago,Transantiago Launch,A0411,2007/02,Ongoing,N/A,City-wide,Expansion of Public Local Transport,Launch of integrated public transport system combining metro and buses with integrated fare payment using BIP contactless smart cards reducing on-street bus competition.
Santiago,Metro Line 4 Extension,A0412,2016/07,2016/12,N/A,City-wide,Expansion of Public Local Transport,Opening of 16 km Metro Line 4 from Ipanema to Barra da Tijuca with 6 stations representing the biggest metro expansion project in Santiago's recent history improving connectivity.
Santiago,Metro Line 6 Opening,A0413,2017/11,2017/11,N/A,City-wide,Expansion of Public Local Transport,Opening of the first fully automatic driverless Metro Line 6 covering 15.3 km with 10 stations featuring modern train technology and providing intermodal connections.
Santiago,Metro Line 3 Phase 1,A0414,2019/01,2019/01,N/A,City-wide,Expansion of Public Local Transport,Launch of second fully automatic and driverless line connecting Los Libertadores to La Reina over 21.7 km with multiple interchange opportunities reducing travel times significantly.
Santiago,Electric Bus Pilot,A0415,2016/01,2017/12,N/A,Pilot,Alternative Drive Systems and Sharing Offers,Introduction of first pilot electric buses with only 2 electric buses in 2016 to test operational feasibility and cost effectiveness compared to diesel buses.
Santiago,Electric Bus Fleet Expansion,A0416,2018/01,2023/12,N/A,City-wide,Alternative Drive Systems and Sharing Offers,Massive expansion of electric bus fleet to 2500 units by 2023 making Santiago the second-largest electric bus operator outside China with 68 percent fleet electrification reducing diesel consumption by 60 million liters.
Santiago,Integrated Operations Center,A0417,2010/01,Ongoing,N/A,City-wide,Intelligent Traffic Control,Establishment of centralized control center with 560 cameras and GPS tracking of 8800 buses to monitor city traffic and incidents reducing emergency response time by 30 percent.
Santiago,Green Areas Investment,A0418,2017/01,2020/12,N/A,City-wide,Green Infrastructure (Carbon Sinks),Investment in 100 square meters of new green spaces in historic residential neighborhoods and redesign of various areas with green infrastructure to improve climate resilience.
Santiago,Urban Forest Policy,A0419,1997/01,Ongoing,N/A,City-wide,Green Infrastructure (Carbon Sinks),Implementation of Atmospheric Prevention and Decontamination Plan policy using street trees and green areas to reduce particulate matter emissions throughout the Gran Santiago region.
Santiago,Public Square Renovation,A0420,2015/01,2020/12,N/A,City-wide,Green Infrastructure (Carbon Sinks),Planned revamp of hundreds of public squares to make them less prone to heating effects particularly in the North Zone addressing urban heat island impacts.
Santiago,Metropolitan Park Development,A0421,2010/01,Ongoing,N/A,City-wide,Green Infrastructure (Carbon Sinks),Development and maintenance of Metropolitan Park and other major urban parks providing green corridors for recreation biodiversity and climate regulation with cycling and walking infrastructure.
Rio de Janeiro,TransOeste BRT Opening,A0422,2012/06,2013/12,N/A,City-wide,Expansion of Public Local Transport,Launch of first BRT corridor covering 56 km with 53 stations achieving Gold Standard rating carrying 100000 passengers per day saving 40 minutes per trip and reducing CO2 by 107000 tons annually.
Rio de Janeiro,TransCarioca BRT Launch,A0423,2014/03,2014/12,N/A,City-wide,Expansion of Public Local Transport,Opening of second BRT corridor spanning 39 km with 47 stations serving 27 neighborhoods crossing dense areas with historical deficit of quality public transportation connecting major transit hubs.
Rio de Janeiro,TransOlimpica Corridor,A0424,2016/07,2016/08,N/A,City-wide,Expansion of Public Local Transport,Launch of third BRT corridor in preparation for 2016 Olympics providing connectivity to existing corridors and key Olympic locations reducing travel times significantly.
Rio de Janeiro,Metro Line 4 Expansion,A0425,2016/07,2016/08,N/A,City-wide,Expansion of Public Local Transport,Opening of Metro Line 4 connecting Ipanema to Barra da Tijuca in the West with 6 new stations improving access to underserved areas and Olympics venues.
Rio de Janeiro,VLT Carioca Launch,A0426,2016/06,2016/08,N/A,Medium (District/Corridor),Expansion of Public Local Transport,Introduction of modern light rail VLT Carioca system in downtown Rio connecting major business districts with 28 km of tracks transforming urban mobility in the historic center.
Rio de Janeiro,Integrated Control Center,A0427,2010/01,Ongoing,N/A,City-wide,Intelligent Traffic Control,Establishment of operations center allowing 30 city agencies to monitor city in real-time with 30 km optic fiber 560 cameras and 100 rainfall gauges reducing emergency response by 30 percent.
Rio de Janeiro,Bike Lane Expansion,A0428,2012/01,2015/12,N/A,City-wide,Expansion of Bicycle Paths,Construction of 300 km of new bike lanes in 2012 reaching 450 km total by 2015 with official bike map release expanding bike parking at metro stations and BRT facilities.
Rio de Janeiro,Downtown Bike Lanes,A0429,2014/06,2014/12,N/A,Medium (District/Corridor),Expansion of Bicycle Paths,Construction of 3.3 km bike lanes downtown connecting metro North Zone and South Zone addressing the last mile problem and increasing mobility in central business district.
Rio de Janeiro,Bike Parking Expansion,A0430,2012/06,2013/12,N/A,City-wide,Expansion of Bicycle Paths,Addition of 3300 bike parking spaces at three metro stations in 2012 and another 1300 spaces around the city in 2013 plus 600 spaces at Pingo D'Agua BRT station improving intermodal connectivity.
Rio de Janeiro,Ciclo Rotas Centro,A0431,2012/06,2012/12,N/A,Medium (District/Corridor),Expansion of Bicycle Paths,Creation of 33 km safe cycling routes through downtown connecting key neighborhoods for Rio plus 20 Conference involving civil society organizations cyclists and academics in planning process.
Rio de Janeiro,BikeRio Share System,A0432,2015/01,Ongoing,N/A,City-wide,Alternative Drive Systems and Sharing Offers,Expansion of bike share program from 60 to 260 stations adding 2600 new bikes creating second-largest bike share system in Latin America promoting clean accessible transport.
Rio de Janeiro,Cycle Expansion Plan,A0433,2022/01,Ongoing,N/A,City-wide,Expansion of Bicycle Paths,Publication of Cycling Expansion Plan proposing addition of over 1000 km of cycling infrastructure to existing 425 km network promoting healthier more equitable and sustainable transport.
Rio de Janeiro,Alemao Cable Car,A0434,2011/03,Ongoing,N/A,Medium (District/Corridor),Expansion of Public Local Transport,Construction of Teleferico do Alemao mass transport cable car connecting hilly low-income communities to city center providing free daily roundtrip pass per resident improving accessibility.
Rio de Janeiro,Refloresta Rio Program,A0435,1986/01,Ongoing,N/A,City-wide,Green Infrastructure (Carbon Sinks),Long-running reforestation program planting over 10 million seedlings of Atlantic Forest native species on 3400 hectares recovering fauna and creating natural barriers against landslides reducing greenhouse gases.
Rio de Janeiro,Rio Capital Verde,A0436,2012/01,Ongoing,N/A,City-wide,Green Infrastructure (Carbon Sinks),Urban forestry project planting trees in remote areas earning carbon credits under Rio Low Carbon City Development Program offsetting 100 percent of land-use emissions from 2012 to 2017.
Rio de Janeiro,Green Space Expansion,A0437,2015/01,2020/12,N/A,City-wide,Green Infrastructure (Carbon Sinks),Plan to plant more than 120000 new saplings and expand protected green spaces by 4000 hectares by 2020 targeting North Zone public squares to reduce heat island intensity.
Rio de Janeiro,Porto Maravilha Development,A0438,2010/01,Ongoing,N/A,Medium (District/Corridor),Sustainable Land Management (Avoidance of Urban Sprawl),Redevelopment of port area to house 70000 new residents within 1 km of public transit by 2026 promoting transit-oriented development and avoiding urban sprawl.
Rio de Janeiro,Minha Casa Transit Integration,A0439,2011/01,Ongoing,N/A,City-wide,Sustainable Land Management (Avoidance of Urban Sprawl),National public housing program creating indicators measuring connection of housing to local transportation promoting transit-oriented development and equitable mobility.
Rio de Janeiro,Serra de Inhoaiba Reforestation,A0440,2024/07,Ongoing,N/A,Medium (District/Corridor),Green Infrastructure (Carbon Sinks),Accelerated reforestation using drones and AI technology in Serra de Inhoaiba to restore 30 hectares and enrich 30 hectares with Atlantic Forest native species mitigating climate impacts.
Rio de Janeiro,Community Reforestation Employment,A0441,1986/01,Ongoing,N/A,City-wide,Green Infrastructure (Carbon Sinks),Employment of 382 community workers at average income of 1000 reais per month for reforestation activities providing income for populations unable to enter formal market while restoring ecosystems.
Kolkata,Metro Line 1 Extension North,A0442,2013/07,2021/02,N/A,City-wide,Expansion of Public Local Transport,Extension of Metro Line 1 from Dum Dum to Dakshineswar covering 4.11 km improving connectivity to northern suburbs with projected ridership of 55000 by 2030.
Kolkata,Metro Line 1 Extension South,A0443,2009/08,2010/10,N/A,City-wide,Expansion of Public Local Transport,Extension of Metro Line 1 from Tollygunge to New Garia adding 8.85 km with elevated corridor and six new stations expanding coverage to southern suburbs.
Kolkata,East-West Metro Phase 1,A0444,2020/02,2020/02,N/A,City-wide,Expansion of Public Local Transport,Opening of East-West Metro Line 2 first section from Salt Lake Sector V to Salt Lake Stadium covering 5.3 km with elevated stations connecting IT hub to recreational areas.
Kolkata,East-West Metro Underwater,A0445,2022/07,2024/03,N/A,City-wide,Expansion of Public Local Transport,Completion of underwater metro tunnel beneath Hooghly River from Howrah to Esplanade marking India's first underwater metro connecting twin cities and major railway terminals.
Kolkata,Purple Line Joka-Majerhat,A0446,2022/12,2024/03,N/A,City-wide,Expansion of Public Local Transport,Opening of Purple Line Metro from Joka to Majerhat covering 7.75 km along major arterial roads providing interchange facilities with existing lines reducing congestion.
Kolkata,Airport Metro Line,A0447,2011/01,Ongoing,N/A,City-wide,Expansion of Public Long-Distance Transport,Integration of Circular Railway from Dum Dum Cantonment to Airport creating 6.249 km new metro line connecting airport to city center improving long-distance connectivity.
Kolkata,Pink Line Circular Metro,A0448,2013/01,Ongoing,N/A,City-wide,Expansion of Public Local Transport,Development of Pink Line circular metro connecting multiple neighborhoods in northern Kolkata providing crucial interchange at Baranagar with Blue Line.
Kolkata,Orange Line New Garia-Airport,A0449,2011/01,Ongoing,N/A,City-wide,Expansion of Public Long-Distance Transport,Planned metro corridor from New Garia to Kolkata Airport in south improving long-distance connectivity between southern suburbs and international airport reducing travel time.
Kolkata,Metro Signaling Upgrade,A0450,2015/01,Ongoing,N/A,City-wide,Intelligent Traffic Control,Upgrade of existing signaling system from Indian Railways Signaling to Communication Based Train Control improving safety efficiency and capacity on metro network.
Kolkata,Bus Rapid Transit Planning,A0451,2010/01,Ongoing,N/A,Medium (District/Corridor),Expansion of Public Local Transport,Planning of BRT system from Ultadanga to Garia covering 15.5 km along EM Bypass connecting major growth centers like Salt Lake Tangra and Mukundapur townships.
Kolkata,Eco Park Development,A0452,2013/01,Ongoing,N/A,Medium (District/Corridor),Green Infrastructure (Carbon Sinks),Opening of major ecological park in New Town featuring urban forest wetlands grasslands and tropical tree gardens with 8500 trees planted creating biodiversity haven and climate resilience.
Kolkata,Miyawaki Forest Rabindra Sarobar,A0453,2015/01,Ongoing,N/A,Pilot,Green Infrastructure (Carbon Sinks),Implementation of Miyawaki method around Rabindra Sarobar Lake transforming degraded land with thousands of native trees creating dense forest enhancing biodiversity and air quality.
Kolkata,New Town Urban Forest,A0454,2017/12,Ongoing,N/A,Medium (District/Corridor),Green Infrastructure (Carbon Sinks),Plantation of urban forest in New Town Action Area with 8500 trees including neem lambu akashmoni and bokul species completed over 3 years creating green lungs for expanding township.
Kolkata,Residential Miyawaki Projects,A0455,2018/01,Ongoing,N/A,Pilot,Green Infrastructure (Carbon Sinks),Community-led implementation of Miyawaki forests in residential areas by welfare associations and NGOs creating green spaces with rapid growth dense vegetation providing shade and improving air quality.
Kolkata,Nagar Van Scheme,A0456,2020/01,Ongoing,N/A,City-wide,Green Infrastructure (Carbon Sinks),Implementation of centralized Nagar Van urban forest scheme creating sprawling greens over 7 acres mirroring national urban forestry program to increase green cover in heavily built environment.
Kolkata,Tree Diversity Enhancement,A0457,2015/01,Ongoing,N/A,City-wide,Green Infrastructure (Carbon Sinks),Programs to enhance tree species diversity in urban areas planting native species adapted to local climate with focus on low water requirement and pollution tolerance addressing climate change.
Kolkata,Green Space Preservation,A0458,2010/01,Ongoing,N/A,City-wide,Sustainable Land Management (Avoidance of Urban Sprawl),Enforcement of land use and building codes to reduce obstruction and encroachments of floodplains wetlands canal banks and natural areas preventing conversion of green spaces.
Kolkata,Urban Green Planning,A0459,2014/01,Ongoing,N/A,City-wide,Sustainable Land Management (Avoidance of Urban Sprawl),Implementation of urban green space planning for climate adaptation integrating ecological and social aspects balancing preservation of biodiversity-rich existing spaces with urban development needs.
Kolkata,Wetland Protection,A0460,2010/01,Ongoing,N/A,City-wide,Green Infrastructure (Carbon Sinks),Protection and conservation of East Kolkata Wetlands and other natural water bodies as retaining zones during flooding to delay runoffs and reduce volume through infiltration.
Kolkata,Parks Directory Initiative,A0461,2012/01,2012/06,N/A,City-wide,Green Infrastructure (Carbon Sinks),Publication of first comprehensive Kolkata Parks Directory and Map documenting existing green spaces promoting awareness and community engagement for urban green infrastructure protection.
Johannesburg,Rea Vaya BRT Phase 1A,A0462,2009/08,2011/02,N/A,City-wide,Expansion of Public Local Transport,The first Bus Rapid Transit system in Africa connecting Soweto to the city center with dedicated median bus lanes reducing travel time by half and GHG emissions by targeting 1.6 million tons of CO2 by 2020
Johannesburg,Rea Vaya BRT Phase 1B,A0463,2013/10,2014/02,N/A,City-wide,Expansion of Public Local Transport,Extended BRT network with additional 18km of dedicated trunk routes through northern suburbs improving connectivity and spatial integration for previously marginalized communities
Johannesburg,Gautrain Rapid Rail Link,A0464,2010/06,Ongoing,N/A,City-wide,Expansion of Public Long-Distance Transport,High-speed rail connection between Johannesburg and Pretoria integrated with BRT system providing regional connectivity and reducing carbon emissions from long-distance travel
Johannesburg,Bicycle Infrastructure Pilot Paths,A0465,2007/01,2015/12,N/A,Pilot,Expansion of Bicycle Paths,Protected bicycle ways installed near two universities as road safety solution though uptake remained limited due to low bicycle ownership and cultural barriers to cycling commuting
Johannesburg,City Center Pedestrian Zones,A0466,2010/01,Ongoing,N/A,Medium (District/Corridor),Expansion of Pedestrian Paths,Enhanced pedestrian infrastructure in central business district including improved crossings signage and lighting to support walking as transport mode and improve safety
Johannesburg,Green Infrastructure Strategy,A0467,2013/01,Ongoing,N/A,City-wide,Green Infrastructure (Carbon Sinks),Comprehensive approach to urban green spaces including assessment of parks and ecosystem services valuation to mainstream green infrastructure in city planning and climate resilience
Johannesburg,Urban Forestry and Tree Cover,A0468,2010/01,Ongoing,N/A,City-wide,Green Infrastructure (Carbon Sinks),Expansion and protection of urban tree canopy providing cooling benefits carbon sequestration air quality improvement with mature trees offering equivalent cooling to air conditioning units
Johannesburg,Jukskei River Restoration,A0469,2020/01,Ongoing,N/A,Medium (District/Corridor),Green Infrastructure (Carbon Sinks),Nature-based solutions including removal of invasive species and rehabilitation of riverbanks with indigenous vegetation to improve biodiversity mitigate flooding and reduce urban heat in Alexandra Township
Johannesburg,Parks and Open Space Development,A0470,2015/01,Ongoing,N/A,City-wide,Green Infrastructure (Carbon Sinks),Development of new large-scale parks including Thanh Xuan Park and recreational facilities to increase green space accessibility and provide ecosystem services for climate adaptation
Johannesburg,Transit-Oriented Development,A0471,2009/01,Ongoing,N/A,City-wide,Sustainable Land Management (Avoidance of Urban Sprawl),Corridors of Freedom initiative promoting dense mixed-use development along BRT routes to combat apartheid spatial planning and reduce urban sprawl through integrated land use and transport planning
Johannesburg,Spatial Development Framework,A0472,2011/01,Ongoing,N/A,City-wide,Sustainable Land Management (Avoidance of Urban Sprawl),Radical planning approach adopted in 2011 to facilitate compact connected transit-oriented city development reducing sprawl and promoting sustainable urban form aligned with low-carbon economy goals
Johannesburg,Green Building Requirements,A0473,2015/01,Ongoing,N/A,City-wide,Energy-efficient Building Refurbishment,Municipal policy promoting green building certification and energy efficiency standards for new developments and retrofits as part of broader climate action planning
Singapore,MRT Network Expansion Phase 1,A0474,2010/01,2020/12,N/A,City-wide,Expansion of Public Local Transport,Expansion of Mass Rapid Transit network from 138km in 2010 toward 230km by 2020 improving connectivity and increasing public transport modal share during peak hours
Singapore,MRT Network Expansion Phase 2,A0475,2015/01,Ongoing,N/A,City-wide,Expansion of Public Local Transport,Continued expansion targeting 360km of rail network by 2030s with new lines including Circle Line extensions Downtown Line and Thomson-East Coast Line reducing car dependency
Singapore,Land Transport Master Plan 2013,A0476,2013/01,Ongoing,N/A,City-wide,Expansion of Public Local Transport,Comprehensive people-centered transport plan promoting multi-modal integration prioritizing public transport while covering walking and cycling to achieve 75% public transport modal share by 2030
Singapore,Bus Service Enhancement,A0477,2010/01,Ongoing,N/A,City-wide,Expansion of Public Local Transport,Progressive expansion and improvement of bus network with introduction of Bus Connectivity Enhancement Programme adding new routes and increasing frequencies across city-state
Singapore,National Cycling Plan Phase 1,A0478,2008/01,2020/12,N/A,City-wide,Expansion of Bicycle Paths,Initial development of cycling infrastructure with 440km of cycling paths and 1500 bicycle parking facilities at MRT stations to promote cycling as first-last mile solution
Singapore,Islandwide Cycling Network Programme,A0479,2020/01,Ongoing,N/A,City-wide,Expansion of Bicycle Paths,Major expansion targeting 1300km of cycling path network by 2030 connecting residential areas to MRT stations bus interchanges and amenities with dedicated protected lanes and crossings
Singapore,Ang Mo Kio Cycling Town,A0480,2015/01,2026/12,N/A,Medium (District/Corridor),Expansion of Bicycle Paths,Singapore's first walking and cycling town with 27km network of cycling paths linking residents to transport nodes and amenities testing innovative solutions for integrating active mobility in built-up environments
Singapore,Park Connector Network,A0481,2000/01,Ongoing,N/A,City-wide,Expansion of Pedestrian Paths,Development of over 300km network of green corridors linking major parks nature areas and residential estates enabling safe pedestrian and cycling connections across the island
Singapore,Bencoolen Street Pedestrianization,A0482,2016/01,2017/12,N/A,Pilot,Expansion of Pedestrian Paths,Transformation of vehicular lanes into widened walkways and cycling lanes during Downtown Line station construction reclaiming road space for pedestrians and demonstrating Walk Cycle Ride SG initiative
Singapore,Electric and Hybrid Bus Deployment,A0483,2020/01,Ongoing,N/A,City-wide,Alternative Drive Systems and Sharing Offers,Policy requiring all new public bus purchases from 2020 to be cleaner energy buses including electric or hybrid models targeting full replacement of diesel buses by 2040
Singapore,EV Charging Infrastructure,A0484,2020/01,Ongoing,N/A,City-wide,Alternative Drive Systems and Sharing Offers,Deployment of EV charging infrastructure across public housing with target of 100% HDB towns being EV charger-ready by 2025 supporting transition to electric vehicles
Singapore,Vehicular Emissions Scheme,A0485,2018/01,Ongoing,N/A,City-wide,Alternative Drive Systems and Sharing Offers,Incentive scheme providing rebates or surcharges up to SGD 20000 based on vehicle emissions across five pollutants encouraging adoption of cleaner car models
Singapore,Green Mark Certification Launch,A0486,2005/01,Ongoing,N/A,City-wide,Energy-efficient Building Refurbishment,Introduction of national green building rating system promoting energy efficiency and sustainability in built environment becoming mandatory for new and retrofitted buildings
Singapore,Building Energy Performance Standards,A0487,2008/01,Ongoing,N/A,City-wide,Energy-efficient Building Refurbishment,Mandatory minimum energy performance standards introduced for new buildings requiring 50% improvement over 2005 levels extended to major retrofits requiring 40% improvement in 2013
Singapore,Green Mark Incentive Scheme for Buildings,A0488,2022/06,2027/03,N/A,City-wide,Energy-efficient Building Refurbishment,SGD 63 million incentive scheme supporting building owners to achieve higher energy performance standards including Super Low Energy and Zero Energy certifications for existing building retrofits
Singapore,GreenGov Initiative,A0489,2015/01,Ongoing,N/A,City-wide,Energy-efficient Building Refurbishment,Government commitment to mainstream Super Low Energy buildings in public sector with existing buildings undergoing major retrofit required to meet Green Mark Platinum SLE standards where feasible
Singapore,Garden City to City in Nature,A0490,2000/01,Ongoing,N/A,City-wide,Green Infrastructure (Carbon Sinks),Evolution from Garden City to City in Nature vision integrating innovative green infrastructure including vertical gardens rooftop gardens and parks to achieve over 40% green cover by 2022
Singapore,One Million Trees Movement,A0491,2020/01,Ongoing,N/A,City-wide,Green Infrastructure (Carbon Sinks),Planting of one million trees across island by 2030 to sequester additional 78000 tonnes of CO2 annually expand wildlife habitats and provide cooling shade while increasing urban forest canopy
Singapore,Gardens by the Bay,A0492,2012/06,Ongoing,N/A,Pilot,Green Infrastructure (Carbon Sinks),100-hectare sustainable superpark featuring solar-powered supertrees climate-controlled biodomes and rainwater recycling demonstrating future of urban green infrastructure and serving as global model
Singapore,Skyrise Greenery Incentive Scheme,A0493,2009/01,Ongoing,N/A,City-wide,Green Infrastructure (Carbon Sinks),Financial incentives for installation of rooftop gardens and vertical greenery on buildings to increase green cover improve air quality manage stormwater and reduce urban heat island effect
Singapore,Nature Parks Development,A0494,2015/01,Ongoing,N/A,City-wide,Green Infrastructure (Carbon Sinks),Development of nature parks including Kranji Marshes and coastal areas to protect biodiversity enhance climate resilience through mangrove restoration and provide ecosystem services like flood mitigation
Singapore,Compact City Planning,A0495,2000/01,Ongoing,N/A,City-wide,Sustainable Land Management (Avoidance of Urban Sprawl),Strategic high-density development approach maximizing limited land resources through vertical growth mixed-use development and transit-oriented planning to prevent sprawl and promote efficient land use
Singapore,Vehicle Growth Control,A0496,2010/01,Ongoing,N/A,City-wide,Intelligent Traffic Control,Strict control on vehicle population growth including certificate of entitlement system and road pricing to manage congestion and discourage private car ownership supporting public transport priority
Hanoi,BRT Line 1 Kim Ma-Yen Nghia,A0497,2017/01,Ongoing,N/A,Medium (District/Corridor),Expansion of Public Local Transport,Vietnam's first Bus Rapid Transit line with 14.7km dedicated busway 21 stations reducing travel time between city center and western districts serving 14000 daily passengers and reducing GHG emissions by 122000 tons CO2e by 2025
Hanoi,Public Bus Network Expansion,A0498,2010/01,2020/12,N/A,City-wide,Expansion of Public Local Transport,Expansion of subsidized bus network from 50 routes in 2001 to over 130 routes by 2020 with modernized fleet serving all districts to reduce motorcycle dependency
Hanoi,Metro Line 2A Cat Linh-Ha Dong,A0499,2021/11,Ongoing,N/A,City-wide,Expansion of Public Long-Distance Transport,First metro line in Hanoi providing 13km elevated rail connection from city center to southwestern suburbs with 12 stations offering fast reliable alternative to private vehicles
Hanoi,Electric Bus Deployment,A0500,2023/01,Ongoing,N/A,City-wide,Alternative Drive Systems and Sharing Offers,Introduction of electric bus fleet operated by VinBus with 9 routes covering city roads providing cleaner public transport alternative and reducing emissions from diesel buses
Hanoi,One Million Trees Programme,A0501,2016/01,2020/12,N/A,City-wide,Green Infrastructure (Carbon Sinks),Groundbreaking initiative planting 1.6 million trees across city exceeding one million target creating green belts along streets and public spaces to regulate atmosphere reduce pollution and combat climate change
Hanoi,Urban Parks Development,A0502,2016/01,Ongoing,N/A,City-wide,Green Infrastructure (Carbon Sinks),Construction of large-scale parks including Thanh Xuan Park Me Tri Amusement Park and CV1 Cau Giay Park increasing green space availability though concentrated on city periphery
Hanoi,Street Tree Planting Programme,A0503,2020/01,Ongoing,N/A,City-wide,Green Infrastructure (Carbon Sinks),Annual planting of 554000 trees along urban roads creating tree-lined streets providing shade cooling and air quality improvement to mitigate urban heat island effect
Hanoi,Greenery and Parks Master Plan,A0504,2014/01,Ongoing,N/A,City-wide,Green Infrastructure (Carbon Sinks),Comprehensive planning for greenery parks flower gardens and lakes until 2030 targeting 18 new parks in downtown and renovation of 42 existing parks to increase per capita green space
Hanoi,Red River Urban Development,A0505,2015/01,Ongoing,N/A,Medium (District/Corridor),Green Infrastructure (Carbon Sinks),Red River urban subdivision planning creating multifunctional green park area with short-rotation trees ornamental plants sports facilities and public spaces along 686 hectares of riverfront
Hanoi,Hoan Kiem Lake Pedestrian Zone,A0506,2016/01,Ongoing,N/A,Pilot,Expansion of Pedestrian Paths,Establishment of car-free pedestrian zone around iconic lake providing shared space for walking recreation and community activities demonstrating livable city design without costly infrastructure
Hanoi,Green Urban Planning Initiatives,A0507,2020/01,Ongoing,N/A,City-wide,Sustainable Land Management (Avoidance of Urban Sprawl),Integrated approach to urban planning emphasizing green infrastructure development climate resilience and quality of life over expansion addressing traffic congestion and environmental pollution
Sydney,Separated Cycleways Network,A0508,2007/01,Ongoing,N/A,City-wide,Expansion of Bicycle Paths,The City of Sydney delivered twenty-five kilometers of safe separated cycleways since two thousand seven to provide clean alternatives to driving and improve cycling safety across the local area.
Sydney,Shared Paths Expansion,A0509,2007/01,Ongoing,N/A,City-wide,Expansion of Bicycle Paths,The city constructed sixty-six kilometers of shared paths connecting parks and public spaces to create an integrated network for pedestrians and cyclists throughout the municipality.
Sydney,Oxford Street Cycleway,A0510,2023/01,2024/12,N/A,Medium (District/Corridor),Expansion of Bicycle Paths,A two-way separated cycleway was built along Oxford Street West and Liverpool Street carrying three thousand riders daily and connecting eastern suburbs to the CBD with improved safety.
Sydney,Pedestrian Priority Streets,A0511,2010/01,Ongoing,N/A,City-wide,Expansion of Pedestrian Paths,The city implemented pedestrian priority measures and footpath upgrades across multiple locations to improve walkability and safety for people moving through the local area.
Sydney,George Street Pedestrianisation,A0512,2017/01,2020/12,N/A,Medium (District/Corridor),Expansion of Pedestrian Paths,George Street was transformed from a traffic-clogged arterial route to a pedestrian boulevard with light rail creating a world-class destination for locals and tourists.
Sydney,Inner West Light Rail Extension,A0513,2011/01,2014/03,N/A,Medium (District/Corridor),Expansion of Public Local Transport,The Inner West Light Rail was extended from Lilyfield to Dulwich Hill with nine new stops providing improved transport capacity for the western suburbs corridor.
Sydney,CBD and South East Light Rail,A0514,2014/01,2020/12,N/A,City-wide,Expansion of Public Local Transport,A twelve-kilometer light rail system was constructed from Circular Quay through the CBD to Randwick and Kingsford providing high-capacity transit to major sporting and health precincts.
Sydney,Sydney Metro Northwest,A0515,2012/01,2019/05,N/A,City-wide,Expansion of Public Long-Distance Transport,The first stage of Sydney Metro opened with driverless trains connecting northwest suburbs to the CBD providing rapid transit capacity and relieving congestion on existing rail lines.
Sydney,Electric Bus Trial Program,A0516,2020/01,Ongoing,N/A,Pilot,Alternative Drive Systems and Sharing Offers,The city introduced electric buses and supported the expansion of bike-sharing services with over eight hundred forty thousand share bike trips recorded in the first half of twenty twenty-four.
Sydney,Smart Green Apartments Program,A0517,2015/01,Ongoing,N/A,City-wide,Energy-efficient Building Refurbishment,The program helps apartment buildings improve environmental performance through energy and water assessments with NABERS ratings and implementation of efficiency upgrades.
Sydney,Green Building Grants,A0518,2011/01,Ongoing,N/A,City-wide,Energy-efficient Building Refurbishment,The City provides grants to building owners and tenants for environmental certifications audits and upgrades including support for achieving NABERS energy and water ratings.
Sydney,1200 Buildings Program,A0519,2010/01,2020/12,N/A,City-wide,Energy-efficient Building Refurbishment,A voluntary initiative encouraged commercial building owners to improve energy and water efficiency targeting seventy percent of office buildings to support carbon neutrality goals.
Sydney,Urban Forest Strategy Implementation,A0520,2013/01,Ongoing,N/A,City-wide,Green Infrastructure (Carbon Sinks),The city has planted over sixteen thousand street trees since two thousand four to increase canopy cover and combat urban heat island effects across the municipality.
Sydney,Tree Canopy Expansion Target,A0521,2018/01,Ongoing,N/A,City-wide,Green Infrastructure (Carbon Sinks),Greater Sydney adopted a forty percent tree canopy cover target up from twenty-three percent with strategies to plant trees in streets parks and private properties to mitigate climate impacts.
Sydney,Green Roofs and Walls Initiative,A0522,2015/01,Ongoing,N/A,City-wide,Green Infrastructure (Carbon Sinks),The city promoted green roofs and walls to increase vegetation cover reduce stormwater runoff and lower ambient temperatures while improving air quality and creating community spaces.
Nairobi,BRT Line 2 Planning,A0523,2015/01,Ongoing,N/A,Medium (District/Corridor),Expansion of Public Local Transport,The Nairobi Metropolitan Area Transport Authority gazetted five BRT corridors with Line Two along Thika Superhighway being prioritized to provide high-quality mass transit services.
Nairobi,Thika Road Improvements,A0524,2010/01,2012/12,N/A,Medium (District/Corridor),Expansion of Pedestrian Paths,Major road improvements along Thika Road included pedestrian walkways and crossings to enhance safety for people walking along this critical transport corridor.
Nairobi,CBD Pedestrian Upgrades,A0525,2015/01,Ongoing,N/A,Medium (District/Corridor),Expansion of Pedestrian Paths,The city implemented pedestrian improvements in the central business district including wider footpaths and safer crossings to encourage walking and reduce vehicle congestion.
Nairobi,Cycling Infrastructure Pilot,A0526,2018/01,Ongoing,N/A,Pilot,Expansion of Bicycle Paths,Nairobi began planning and piloting cycling infrastructure including separated cycle tracks on major corridors to provide safe cycling options for residents of all ages and abilities.
Nairobi,Electric Bus Rollout,A0527,2021/01,Ongoing,N/A,Pilot,Alternative Drive Systems and Sharing Offers,Thirty-five electric buses were introduced to replace polluting matatus assembled locally by BasiGo with fourteen more expected by end of twenty twenty-four to reduce transport emissions.
Nairobi,Matatu Sector Reform,A0528,2016/01,Ongoing,N/A,City-wide,Expansion of Public Local Transport,The government initiated reforms to improve matatu service quality and safety by transitioning from target system to operator compensation tied to kilometers traveled and service standards.
Nairobi,Commuter Rail Upgrades,A0529,2018/01,Ongoing,N/A,City-wide,Expansion of Public Long-Distance Transport,Kenya Railways upgraded commuter rail network stations including Embakasi Pipeline and Donholm to provide faster and more frequent service for metropolitan area commuters.
Nairobi,Urban Green Space Protection,A0530,2010/01,Ongoing,N/A,City-wide,Green Infrastructure (Carbon Sinks),Nairobi implemented policies to protect urban forests including Karura Forest and Ngong Forest from illegal logging and charcoal burning while preserving biodiversity and carbon sequestration.
Nairobi,City Parks Development,A0531,2015/01,Ongoing,N/A,City-wide,Green Infrastructure (Carbon Sinks),The county developed and maintained urban parks including Uhuru Park Central Park and City Park to provide green spaces for recreation and improve environmental quality for residents.
Nairobi,Tree Planting Programs,A0532,2012/01,Ongoing,N/A,City-wide,Green Infrastructure (Carbon Sinks),The city implemented tree planting initiatives along major corridors and in public spaces to increase canopy cover reduce urban heat and improve air quality across the metropolitan area.
Nairobi,Green Building Standards,A0533,2016/01,Ongoing,N/A,City-wide,Energy-efficient Building Refurbishment,Nairobi promoted green building standards for new developments and retrofits to improve energy efficiency and reduce carbon emissions in the building sector.
Nairobi,Renewable Energy Markets,A0534,2018/01,Ongoing,N/A,City-wide,Alternative Drive Systems and Sharing Offers,The city worked with C40 to deploy renewable energy solutions and energy efficiency interventions at city markets which can be scaled and implemented elsewhere in the county.
Melbourne,Strategic Cycling Corridors,A0535,2018/01,Ongoing,N/A,City-wide,Expansion of Bicycle Paths,The Victorian Government established Strategic Cycling Corridors on arterial roads to provide safe separated bike lanes connecting key destinations across the metropolitan area.
Melbourne,St Kilda Road Bike Lanes,A0536,1993/01,Ongoing,N/A,Medium (District/Corridor),Expansion of Bicycle Paths,Melbourne installed its first dedicated on-street bike lanes along the six-kilometer St Kilda Road boulevard providing a critical north-south cycling route into the CBD.
Melbourne,CBD Bike Lane Network,A0537,2020/01,Ongoing,N/A,Medium (District/Corridor),Expansion of Bicycle Paths,The City delivered over twenty-seven kilometers of new bike lanes since twenty twenty resulting in a twenty-two percent increase in cycling with protected spaces for riders.
Melbourne,Metro Tunnel Project,A0538,2017/01,2025/12,N/A,City-wide,Expansion of Public Local Transport,Twin nine-kilometer rail tunnels under the CBD with five new underground stations were constructed to increase train capacity and provide metro-style frequencies across the network.
Melbourne,Tram Stop Accessibility Upgrades,A0539,2015/01,Ongoing,N/A,City-wide,Expansion of Public Local Transport,The city began systematic upgrades of sixteen hundred tram stops across one hundred corridors to meet accessibility standards with level platforms and improved passenger facilities.
Melbourne,Next Generation Trams,A0540,2020/01,Ongoing,N/A,Medium (District/Corridor),Expansion of Public Local Transport,New high-capacity trams were introduced on western routes including fifty-seven fifty-nine and eighty-two with depot and infrastructure upgrades to support expanded service.
Melbourne,1200 Buildings Program,A0541,2010/01,2020/12,N/A,City-wide,Energy-efficient Building Refurbishment,Melbourne established a program to retrofit twelve hundred office buildings or seventy percent of commercial buildings with energy and water efficiency upgrades to achieve carbon neutrality by twenty twenty.
Melbourne,Greener Government Buildings,A0542,2010/01,Ongoing,N/A,City-wide,Energy-efficient Building Refurbishment,The Victorian Government required energy performance contracts for government buildings including schools universities hospitals and offices to reduce emissions energy costs and water use.
Melbourne,Environmental Upgrade Finance,A0543,2012/01,Ongoing,N/A,City-wide,Energy-efficient Building Refurbishment,The city partnered with financial institutions to allow building owners to finance environmental upgrades through charges linked to property taxes reducing lender risk and enabling retrofits.
Melbourne,NABERS Rating Requirements,A0544,2011/01,Ongoing,N/A,City-wide,Energy-efficient Building Refurbishment,Melbourne adopted requirements for office buildings over two thousand square meters to achieve five-star NABERS ratings and disclose energy efficiency when selling or leasing spaces.
Melbourne,Urban Forest Strategy,A0545,2012/01,Ongoing,N/A,City-wide,Green Infrastructure (Carbon Sinks),Melbourne launched a twenty-year strategy to double public realm canopy cover from twenty-two percent to forty percent by twenty forty planting at least three thousand trees annually.
Melbourne,Urban Forest Precinct Plans,A0546,2012/01,2022/12,N/A,City-wide,Green Infrastructure (Carbon Sinks),Ten precinct plans were developed to guide street-by-street implementation of tree planting and species selection over the first ten years of the Urban Forest Strategy.
Melbourne,Living Melbourne Strategy,A0547,2019/01,Ongoing,N/A,City-wide,Green Infrastructure (Carbon Sinks),A metropolitan-wide urban forest strategy was developed with canopy targets of twenty to thirty percent for different regions to enhance biodiversity and mitigate urban heat islands.
Melbourne,Climate Change Adaptation Plan,A0548,2009/01,Ongoing,N/A,City-wide,Green Infrastructure (Carbon Sinks),Melbourne developed adaptation strategies identifying public realm trees as critical assets and implementing thermal imaging to guide tree planting for maximum cooling benefits.
Melbourne,Transport Strategy 2030,A0549,2018/01,Ongoing,N/A,City-wide,Sustainable Land Management (Avoidance of Urban Sprawl),The city developed an integrated transport strategy prioritizing cycling walking and public transport to create a more sustainable and liveable city reducing car dependence and sprawl.
Addis Ababa,Light Rail Transit System North-South Line,A0550,2015/09,Ongoing,N/A,City-wide,Expansion of Public Local Transport,Launch of first light rail line in Sub-Saharan Africa running from city center to industrial areas in the south covering seventeen kilometers with renewable hydropower energy reducing transport emissions significantly
Addis Ababa,Light Rail Transit System East-West Line,A0551,2015/11,Ongoing,N/A,City-wide,Expansion of Public Local Transport,Opening of second light rail line connecting eastern and western parts of the city with seventeen-point-four kilometers of dedicated track serving major employment and residential areas
Addis Ababa,Non-Motorized Transport Strategy Launch,A0552,2019/01,2028/12,N/A,City-wide,Expansion of Pedestrian Paths,Implementation of comprehensive strategy planning construction of six hundred kilometers of footpaths over ten years to improve pedestrian safety and accessibility across the capital
Addis Ababa,City Corridor Project Walkways Phase 1,A0553,2022/01,2023/12,N/A,Medium (District/Corridor),Expansion of Pedestrian Paths,Construction of over sixty kilometers of high-quality walkways along major city corridors providing safe pedestrian infrastructure with traffic-calmed crossings and improved accessibility
Addis Ababa,Protected Cycle Track Network Phase 1,A0554,2022/01,2023/12,N/A,Medium (District/Corridor),Expansion of Bicycle Paths,Development of over sixty kilometers of protected cycle tracks separated from vehicle traffic along key corridors following the Addis Ababa Cycle Network Plan standards
Addis Ababa,Addis Ababa Cycle Network Plan,A0555,2023/01,2032/12,N/A,City-wide,Expansion of Bicycle Paths,Adoption of comprehensive plan targeting two hundred kilometers of interconnected safe bicycle routes across the city with phased implementation prioritizing high-demand corridors
Addis Ababa,Electric Bus Introduction Program,A0556,2024/04,Ongoing,N/A,Pilot,Alternative Drive Systems and Sharing Offers,Deployment of thirty electric buses prioritizing passenger comfort and environmental sustainability with ranges up to three hundred seventy kilometers on single charge reducing carbon emissions
Addis Ababa,Vehicle Import Electrification Policy,A0557,2023/01,Ongoing,N/A,City-wide,Alternative Drive Systems and Sharing Offers,National policy banning non-electric vehicle imports supporting transition to clean mobility powered by domestic hydropower resources reducing fossil fuel dependence and air pollution
Addis Ababa,NMT Bicycle Sharing Platform Development,A0558,2020/01,Ongoing,N/A,City-wide,Alternative Drive Systems and Sharing Offers,Creation of online platform enabling stakeholder and community participation in suggesting cycling corridors and bike-sharing station locations supporting data-driven infrastructure planning
Addis Ababa,Green Corridor Development Project,A0559,2020/01,Ongoing,N/A,Medium (District/Corridor),Green Infrastructure (Carbon Sinks),Implementation of sustainable corridor infrastructure with dedicated lanes for non-motorized transport including tree-planting and permeable walkways combating urban heat island effects
Addis Ababa,Urban Forestry Preservation Policy,A0560,2015/01,Ongoing,N/A,City-wide,Green Infrastructure (Carbon Sinks),Protection and expansion of urban green spaces including forests and parks to enhance carbon sequestration regulate air temperature and improve biodiversity across the metropolitan area
Addis Ababa,Sustainable Urban Planning Integration,A0561,2019/01,Ongoing,N/A,City-wide,Sustainable Land Management (Avoidance of Urban Sprawl),Integration of non-motorized transport and public transit planning into urban development to promote compact mixed-use development reducing urban sprawl and travel distances
Addis Ababa,Transport-Oriented Development Framework,A0562,2020/01,Ongoing,N/A,City-wide,Sustainable Land Management (Avoidance of Urban Sprawl),Strategic planning promoting high-density development along transport corridors and station areas facilitating accessibility to employment and services while minimizing horizontal expansion
Addis Ababa,Walkway Reconstruction Program,A0563,2018/01,2019/12,N/A,City-wide,Expansion of Pedestrian Paths,Citywide initiative rebuilding twenty-eight kilometers of deteriorated walkways improving pedestrian safety comfort and accessibility especially for vulnerable road users including persons with disabilities
Addis Ababa,Open Streets Movement Menged Le Sew,A0564,2020/06,Ongoing,N/A,City-wide,Expansion of Pedestrian Paths,Monthly car-free day initiative closing streets to motorized traffic promoting active living sustainable mobility and social cohesion while demonstrating benefits of pedestrian-friendly urban spaces
Amman,Bus Rapid Transit Phase 1 Sweileh-Ras Al-Ain,A0565,2021/07,Ongoing,N/A,Medium (District/Corridor),Expansion of Public Local Transport,Launch of first BRT route with dedicated bus lanes serving northwest Amman to downtown with articulated buses providing metro-like service quality reducing travel times and emissions
Amman,Bus Rapid Transit Phase 2 Sweileh-Mahatta,A0566,2022/08,Ongoing,N/A,Medium (District/Corridor),Expansion of Public Local Transport,Opening of second BRT corridor connecting northwest areas to eastern Mahatta terminal with segregated lanes priority signals and modern stations carrying thousands of daily passengers
Amman,BRT Infrastructure Road Improvements,A0567,2015/01,2022/12,N/A,Medium (District/Corridor),Intelligent Traffic Control,Implementation of road improvements along BRT routes including intersection redesign traffic signal upgrades and lane management to mitigate congestion and improve traffic flow efficiency
Amman,Integrated Public Transport Network Planning,A0568,2015/01,Ongoing,N/A,City-wide,Expansion of Public Local Transport,Development of hierarchical network connecting BRT trunk routes with feeder services regular buses and smaller vehicles ensuring seamless passenger transfers and comprehensive city coverage
Amman,BRT Pedestrian Infrastructure Enhancement,A0569,2015/01,2022/12,N/A,Medium (District/Corridor),Expansion of Pedestrian Paths,Construction of wider pedestrian walkways along BRT trunk roads with traffic-calmed crossings providing safer access to public transport stations and improving walkability for commuters
Amman,BRT Cycling Lanes Installation,A0570,2015/01,2022/12,N/A,Medium (District/Corridor),Expansion of Bicycle Paths,Installation of dedicated cycling lanes parallel to BRT corridors along trunk roads creating integrated active mobility infrastructure encouraging bicycle use for first-last mile connectivity
Amman,Thermal Insulation Code Implementation,A0571,2016/01,Ongoing,N/A,City-wide,Energy-efficient Building Refurbishment,Application of building energy codes requiring thermal insulation in new construction and retrofitting projects reducing electricity consumption for heating and cooling in residential and commercial buildings
Amman,Sustainable Urbanization Resource Efficiency Project,A0572,2016/01,2020/12,N/A,City-wide,Energy-efficient Building Refurbishment,UNDP-GEF initiative promoting low-carbon buildings through energy efficiency measures developing comprehensive database of electricity and water consumption monitoring greenhouse gas emissions from buildings
Amman,Green Building Council Advocacy Program,A0573,2011/01,Ongoing,N/A,City-wide,Energy-efficient Building Refurbishment,Non-profit organization promoting adoption of green building practices developing guidelines tools and training programs including LEED analysis building envelope retrofits and energy benchmarking for apartments
Amman,Al Zohour Green Triangle Project,A0574,2018/01,2020/12,N/A,Pilot,Green Infrastructure (Carbon Sinks),Pilot green infrastructure based on Sustainable Urban Drainage System concept featuring bioretention areas and underground water tanks collecting stormwater reducing flood risk with landscaped green spaces
Amman,Urban Micro-Lungs Miyawaki Forest Initiative,A0575,2019/01,Ongoing,N/A,Pilot,Green Infrastructure (Carbon Sinks),Implementation of fast-growing native forests using Miyawaki method in poverty-stricken areas creating dense urban forests that retain water stabilize soil regulate temperature and sequester carbon
Amman,National Tree Planting Campaign,A0576,2020/01,Ongoing,N/A,City-wide,Green Infrastructure (Carbon Sinks),Government initiative allocating funding to plant ten million trees across country including Amman focusing on native drought-resistant species to combat climate impacts and enhance urban green cover
Amman,Green City Action Plan Development,A0577,2019/01,Ongoing,N/A,City-wide,Sustainable Land Management (Avoidance of Urban Sprawl),Comprehensive planning framework addressing urban sustainability integrating climate resilience land use transport and green infrastructure to guide sustainable growth and prevent uncontrolled expansion
Amman,Transport and Mobility Master Plan,A0578,2010/01,Ongoing,N/A,City-wide,Sustainable Land Management (Avoidance of Urban Sprawl),Strategic plan targeting increase in transit-based journeys from fourteen percent to forty percent by 2025 through integrated public transport reducing automobile dependency and promoting compact development
Amman,Dutch Embassy Green Building Retrofit,A0579,2011/01,2013/12,N/A,Pilot,Energy-efficient Building Refurbishment,First LEED Silver certified green building in Amman demonstrating sustainable renovation and extension practices incorporating energy and water efficiency inspired by local architecture minimizing construction waste
Amman,Affordable Green Homes Initiative,A0580,2017/01,2018/12,N/A,Pilot,Energy-efficient Building Refurbishment,Program promoting energy and water efficient features in residential buildings as crucial phase toward green sustainable practices addressing environmental challenges through building transformation and retrofitting
Cape Town,MyCiTi Bus Rapid Transit Phase 1A,A0581,2010/05,Ongoing,N/A,Medium (District/Corridor),Expansion of Public Local Transport,Launch of first BRT service with dedicated lanes serving inner city and Blaauwberg-Atlantis corridor providing high-quality rapid transit with articulated buses reducing congestion and emissions
Cape Town,MyCiTi Phase 1B West Coast Corridor,A0582,2012/01,Ongoing,N/A,Medium (District/Corridor),Expansion of Public Local Transport,Extension of BRT network along R27 West Coast Road with two dedicated lanes cutting travel time by half for commuters providing efficient public transport alternative to private vehicles
Cape Town,MyCiTi N2 Express Service,A0583,2013/01,2019/12,N/A,Medium (District/Corridor),Expansion of Public Long-Distance Transport,High-capacity express service connecting metro south-east suburbs including Khayelitsha and Mitchells Plain to city center addressing rail service capacity gaps with rapid transit option
Cape Town,MyCiTi Cycling Infrastructure Integration,A0584,2010/01,Ongoing,N/A,Medium (District/Corridor),Expansion of Bicycle Paths,Construction of dedicated bicycle lanes parallel to MyCiTi BRT corridors creating integrated active mobility network with separated cycling paths improving first-last mile connectivity to stations
Cape Town,MyCiTi Pedestrian Access Improvements,A0585,2010/01,Ongoing,N/A,Medium (District/Corridor),Expansion of Pedestrian Paths,Development of improved pedestrian infrastructure along BRT routes including wider walkways enclosed station waiting areas traffic-calmed crossings and enhanced lighting for safer access to public transport
Cape Town,Transport-Oriented Development Framework,A0586,2016/01,Ongoing,N/A,City-wide,Sustainable Land Management (Avoidance of Urban Sprawl),Strategic framework promoting mixed-use development along and around public transport corridors and nodes using transport projects as catalyst for private investment reducing urban sprawl
Cape Town,Comprehensive Integrated Transport Plan Active Mobility,A0587,2022/01,2028/12,N/A,City-wide,Expansion of Pedestrian Paths,Allocation of four hundred fifty-five million rand for non-motorized transport infrastructure between 2024-2026 including pedestrian walkways separated from roads with CCTV surveillance improving safety
Cape Town,Citywide Cycling Network Development,A0588,2022/01,2028/12,N/A,City-wide,Expansion of Bicycle Paths,Planning and construction of separated cycling lanes with physical barriers from motorized traffic making networks attractive and safe while marketing cycling as healthy desirable commuting option
Cape Town,Climate Change Action Plan,A0589,2021/01,Ongoing,N/A,City-wide,Green Infrastructure (Carbon Sinks),Comprehensive climate strategy integrating adaptation and mitigation including biodiversity protection nature reserve expansion covering over forty percent of city area for carbon sequestration and resilience
Cape Town,Zero Carbon Buildings Commitment,A0590,2021/01,2030/12,N/A,City-wide,Energy-efficient Building Refurbishment,Municipal commitment to achieve zero carbon emissions for all city-owned buildings by 2030 through sustainable building guidelines energy efficiency retrofits and renewable energy integration
Cape Town,Energy Strategy Implementation,A0591,2024/01,2050/12,N/A,City-wide,Energy-efficient Building Refurbishment,Launch of comprehensive 2050 energy strategy optimizing energy use across city including building efficiency programs aiming for carbon neutrality reliability affordability and resilience through technology
Cape Town,Atlantis Green Technology Special Economic Zone,A0592,2015/01,Ongoing,N/A,Medium (District/Corridor),Green Infrastructure (Carbon Sinks),Establishment of dedicated zone for green technology manufacturing attracting billions in investment supporting renewable energy sector clean technology industries and sustainable economic development
Cape Town,Nature Reserve Network Expansion,A0593,2010/01,Ongoing,N/A,City-wide,Green Infrastructure (Carbon Sinks),Protection and expansion of urban nature reserves covering over forty percent of municipal area providing biodiversity hotspot conservation carbon sinks and ecosystem services while restricting sprawling development
Cape Town,Spatial Development Framework Integration,A0594,2018/01,Ongoing,N/A,City-wide,Sustainable Land Management (Avoidance of Urban Sprawl),Integration of climate considerations into spatial planning promoting compact city form transit-oriented density and infill development addressing apartheid spatial legacy reducing travel distances and emissions
Los Angeles,Mobility Plan 2035 Adoption,A0595,2015/08,Ongoing,N/A,City-wide,Expansion of Pedestrian Paths,Comprehensive plan adopted to implement pedestrian safety improvements across fifteen hundred miles of streets to create complete streets that balance needs of all road users.
Los Angeles,High Injury Network Pedestrian Improvements,A0596,2016/01,Ongoing,N/A,City-wide,Expansion of Pedestrian Paths,Implementation of pedestrian safety measures on streets identified as deadliest corridors responsible for seventy percent of deaths and severe injuries in working-class neighborhoods.
Los Angeles,Healthy Streets LA Initiative,A0597,2022/08,Ongoing,N/A,City-wide,Expansion of Pedestrian Paths,Ballot measure to fast-track implementation of Mobility Plan pedestrian routes and street improvement measures to make Los Angeles roads less car-centric.
Los Angeles,TDM Program Pedestrian Infrastructure,A0598,2021/06,Ongoing,N/A,City-wide,Expansion of Pedestrian Paths,Transportation Demand Management program focusing on expanding access to transportation network through investments in pedestrian infrastructure and active transportation.
Los Angeles,Complete Streets Implementation,A0599,2015/09,Ongoing,N/A,City-wide,Expansion of Pedestrian Paths,Implementation of complete streets that provide safe and efficient transportation options for pedestrians through street standards and enhanced walkways.
Los Angeles,LANI Initiative Pedestrian Access,A0600,2018/01,Ongoing,N/A,Medium (District/Corridor),Expansion of Pedestrian Paths,Los Angeles Neighborhood Initiative promoting pedestrian safety and ensuring accessibility through neighborhood-scale walkway improvements.
Los Angeles,First-Last Mile Pedestrian Districts,A0601,2023/01,Ongoing,N/A,Medium (District/Corridor),Expansion of Pedestrian Paths,Active Transportation Strategic Plan implementing pedestrian districts to improve first and last mile connections to transit stations and bus stops.
Los Angeles,Metro Station Pedestrian Access,A0602,2019/01,Ongoing,N/A,Medium (District/Corridor),Expansion of Pedestrian Paths,Development of pedestrian infrastructure around Metro rail stations to enhance safe access and connectivity for transit users.
Los Angeles,Vision Zero Pedestrian Safety,A0603,2015/08,Ongoing,N/A,City-wide,Expansion of Pedestrian Paths,Safety-first approach focusing on pedestrian safety education enforcement and infrastructure improvements to eliminate traffic deaths.
Los Angeles,Corridors of Freedom Pedestrian Access,A0604,2016/01,Ongoing,N/A,Medium (District/Corridor),Expansion of Pedestrian Paths,Development of pedestrian-friendly infrastructure along major transit corridors connecting densely populated areas to improve walkability and access.
Los Angeles,Mobility Plan Bicycle Network,A0605,2015/08,Ongoing,N/A,City-wide,Expansion of Bicycle Paths,Implementation of three-tiered bicycle network and neighborhood enhancement network to improve cycling safety infrastructure and accessibility across the city.
Los Angeles,Protected Bicycle Infrastructure,A0606,2016/01,Ongoing,N/A,City-wide,Expansion of Bicycle Paths,Investment in protected bicycle lanes as part of active mobility projects funded through regional transportation plans to enhance cyclist safety.
Los Angeles,Bike Share System Integration,A0607,2017/01,Ongoing,N/A,City-wide,Expansion of Bicycle Paths,Development and integration of bike share programs accessible via mobile apps to promote cycling and reduce vehicle trips throughout the region.
Los Angeles,Regional Bikeways Network,A0608,2023/01,Ongoing,N/A,Medium (District/Corridor),Expansion of Bicycle Paths,Active Transportation Strategic Plan implementing regional bikeways to create connected cycling infrastructure across Los Angeles County.
Los Angeles,Complete Streets Bicycle Facilities,A0609,2015/09,Ongoing,N/A,City-wide,Expansion of Bicycle Paths,Design and construction of bicycle facilities as part of complete streets implementation to balance transportation needs of all users.
Los Angeles,First-Last Mile Bicycle Connections,A0610,2019/01,Ongoing,N/A,Medium (District/Corridor),Expansion of Bicycle Paths,Development of bicycle infrastructure to improve first and last mile connections between transit stations and surrounding communities.
Los Angeles,Affordable Housing Bicycle Amenities,A0611,2018/01,Ongoing,N/A,Medium (District/Corridor),Expansion of Bicycle Paths,Bicycle infrastructure development through Affordable Housing Sustainable Communities program connecting housing to jobs and services via cycling.
Los Angeles,Quick-Build Bicycle Pilots,A0612,2020/01,Ongoing,N/A,Pilot,Expansion of Bicycle Paths,Rapid implementation of bicycle infrastructure using paint planter boxes and bollards to test new bikeways without lengthy planning processes.
Los Angeles,Safe Routes to School Bikeways,A0613,2016/01,Ongoing,N/A,Medium (District/Corridor),Expansion of Bicycle Paths,Development of safe bicycle routes to schools to reduce vehicle traffic and promote active transportation for students.
Los Angeles,Green Streets Bicycle Infrastructure,A0614,2017/01,Ongoing,N/A,Medium (District/Corridor),Expansion of Bicycle Paths,Great Streets program implementing bicycle lanes and cycling facilities along major corridors to enhance urban mobility and streetscape quality.
Los Angeles,Metro Rail Network Expansion,A0615,2012/01,Ongoing,N/A,City-wide,Expansion of Public Local Transport,Expansion of metro rail network to more than two hundred stations over three hundred eighty-five kilometers including multiple new lines and extensions.
Los Angeles,Orange Line BRT Electrification,A0616,2020/01,2020/12,N/A,Medium (District/Corridor),Expansion of Public Local Transport,Full conversion of Orange Line Bus Rapid Transit fleet to zero-emission electric buses on eighteen-mile dedicated right-of-way serving four million riders annually.
Los Angeles,Regional Connector Project,A0617,2014/01,2023/06,N/A,Medium (District/Corridor),Expansion of Public Local Transport,Underground rail connector linking downtown stations enabling seamless transfers and improving operational flexibility across the light rail system.
Los Angeles,A Line Extension to Azusa,A0618,2016/01,2023/06,N/A,Medium (District/Corridor),Expansion of Public Local Transport,Extension of light rail line from downtown Los Angeles to Azusa creating the world's longest light rail line at ninety-three kilometers.
Los Angeles,Purple Line Westside Extension,A0619,2014/01,2023/12,N/A,Medium (District/Corridor),Expansion of Public Local Transport,Extension of heavy rail subway line westward with new underground stations to improve transit access to Westside communities.
Los Angeles,Rea Vaya BRT Integration,A0620,2013/10,Ongoing,N/A,Medium (District/Corridor),Expansion of Public Local Transport,Integration of Bus Rapid Transit system with existing rail lines and transit networks to provide comprehensive regional connectivity.
Los Angeles,Vision 2028 Transit Expansion,A0621,2017/01,Ongoing,N/A,City-wide,Expansion of Public Local Transport,Comprehensive transit infrastructure program building ambitious transportation projects in preparation for hosting major international events.
Los Angeles,K Line Inglewood Opening,A0622,2022/10,2022/10,N/A,Medium (District/Corridor),Expansion of Public Local Transport,Opening of new light rail line connecting Expo Line to downtown Inglewood improving access to entertainment venues and communities.
Los Angeles,Bus Service Frequency Improvements,A0623,2016/01,Ongoing,N/A,City-wide,Expansion of Public Local Transport,Enhancement of bus service frequency and reliability across one hundred seventeen routes carrying nine hundred eighty thousand daily boardings.
Los Angeles,Transit Priority Corridors,A0624,2018/01,Ongoing,N/A,Medium (District/Corridor),Expansion of Public Local Transport,Implementation of bus-only lanes and transit priority measures on major corridors to improve speed and reliability of public transport services.
Los Angeles,Al Boraq High-Speed Rail Connection,A0625,2018/11,2018/11,N/A,City-wide,Expansion of Public Long-Distance Transport,Connection to regional high-speed rail linking major metropolitan areas though Los Angeles does not have direct high-speed rail the planning supports future connectivity.
Los Angeles,Brightline West Planning,A0626,2023/12,Ongoing,N/A,City-wide,Expansion of Public Long-Distance Transport,Planning and coordination for high-speed rail connection from Las Vegas to Rancho Cucamonga bringing first high-speed rail into Los Angeles area.
Los Angeles,Metrolink Corridor Improvements,A0627,2015/01,Ongoing,N/A,City-wide,Expansion of Public Long-Distance Transport,Enhancement of regional rail connections linking Los Angeles to surrounding counties through improved Metrolink commuter rail service.
Los Angeles,Union Station Modernization,A0628,2018/01,Ongoing,N/A,Medium (District/Corridor),Expansion of Public Long-Distance Transport,Modernization of Union Station as regional transportation hub connecting long-distance rail bus and local transit services.
Los Angeles,Regional Transportation Plan Coordination,A0629,2016/01,Ongoing,N/A,City-wide,Expansion of Public Long-Distance Transport,Coordination with Southern California Association of Governments to integrate long-distance transportation strategies across the region.
Los Angeles,High Desert Corridor Planning,A0630,2019/01,Ongoing,N/A,City-wide,Expansion of Public Long-Distance Transport,Planning for High Desert Corridor from Palmdale to Victorville to enable future high-speed rail connections around San Gabriel Mountains.
Los Angeles,Intercity Bus Terminal Improvements,A0631,2017/01,Ongoing,N/A,Medium (District/Corridor),Expansion of Public Long-Distance Transport,Enhancement of intercity bus terminals and connections to improve long-distance ground transportation options and regional accessibility.
Los Angeles,California High-Speed Rail Coordination,A0632,2020/01,Ongoing,N/A,City-wide,Expansion of Public Long-Distance Transport,Coordination and planning for future California High-Speed Rail connections that will link Los Angeles to northern California cities.
Los Angeles,Airport Rail Connector,A0633,2019/01,Ongoing,N/A,Medium (District/Corridor),Expansion of Public Long-Distance Transport,Development of people mover connecting LAX airport to Metro rail system improving long-distance traveler access to regional transportation.
Los Angeles,Regional Mobility Hubs,A0634,2020/01,Ongoing,N/A,Medium (District/Corridor),Expansion of Public Long-Distance Transport,Creation of mobility hubs providing integrated access to long-distance bus rail and local transit services at strategic regional locations.
Los Angeles,Zero-Emission Bus Procurement,A0635,2017/01,Ongoing,N/A,City-wide,Alternative Drive Systems and Sharing Offers,Procurement of battery electric and hydrogen fuel cell buses to transition Metro fleet toward one hundred percent zero-emission operations.
Los Angeles,Electric Vehicle Charging Network,A0636,2016/01,Ongoing,N/A,City-wide,Alternative Drive Systems and Sharing Offers,Development of integrated electric vehicle charging station network coordinated with public transit and other transportation modes across the region.
Los Angeles,Municipal Fleet Electrification,A0637,2018/01,Ongoing,N/A,City-wide,Alternative Drive Systems and Sharing Offers,Procurement of electric vehicles for municipal fleet to demonstrate leadership in clean transportation and reduce government emissions.
Los Angeles,Bike Share Program Launch,A0638,2016/07,Ongoing,N/A,City-wide,Alternative Drive Systems and Sharing Offers,Launch of citywide bike sharing system allowing residents to access bicycles through mobile apps for short-term use.
Los Angeles,Car Share Integration,A0639,2017/01,Ongoing,N/A,City-wide,Alternative Drive Systems and Sharing Offers,Establishment of partnerships with car-sharing companies to test and improve synergies between shared mobility and public transportation.
Los Angeles,Ride-Hailing Service Integration,A0640,2015/01,Ongoing,N/A,City-wide,Alternative Drive Systems and Sharing Offers,Integration of ride-sharing and ride-hailing services with public transit to provide real-time transportation options across multiple modes.
Los Angeles,Zero-Emission Zones Planning,A0641,2019/01,Ongoing,N/A,Pilot,Alternative Drive Systems and Sharing Offers,Planning for zero-emission areas such as Green and Healthy Streets Declaration designating major areas to be zero-carbon by specific targets.
Los Angeles,Alternative Fuel Vehicle Incentives,A0642,2016/01,Ongoing,N/A,City-wide,Alternative Drive Systems and Sharing Offers,Development of incentives and programs to encourage adoption of alternative fuel vehicles including electric and hydrogen-powered vehicles.
Los Angeles,Shared Mobility Provider Expansion,A0643,2018/01,Ongoing,N/A,City-wide,Alternative Drive Systems and Sharing Offers,Increase in number of shared car cycling and moped providers while incentivizing environmentally sustainable mobility services.
Los Angeles,Autonomous Vehicle Pilot Programs,A0644,2019/01,Ongoing,N/A,Pilot,Alternative Drive Systems and Sharing Offers,Testing and integration of autonomous vehicle technology to encourage more sustainable transportation choices and reduce private vehicle use.
Los Angeles,Real-Time Transit Information System,A0645,2015/01,Ongoing,N/A,City-wide,Intelligent Traffic Control,Implementation of real-time transportation information systems providing access to options and costs across multiple modes and providers.
Los Angeles,Smart Traffic Signal Optimization,A0646,2016/01,Ongoing,N/A,City-wide,Intelligent Traffic Control,Deployment of intelligent traffic control systems to optimize signal timing and reduce congestion on major corridors throughout the city.
Los Angeles,Transportation Data Platform,A0647,2017/01,Ongoing,N/A,City-wide,Intelligent Traffic Control,Development of data access and integration platform between transportation agencies and partners to enable smart mobility solutions.
Los Angeles,Adaptive Traffic Management,A0648,2018/01,Ongoing,N/A,City-wide,Intelligent Traffic Control,Implementation of adaptive traffic management systems that respond to real-time conditions to improve traffic flow and reduce emissions.
Los Angeles,Transit Priority Signal Systems,A0649,2016/01,Ongoing,N/A,Medium (District/Corridor),Intelligent Traffic Control,Installation of transit signal priority systems on bus corridors to improve reliability and speed of public transportation services.
Los Angeles,Smart Parking Management,A0650,2017/01,Ongoing,N/A,City-wide,Intelligent Traffic Control,Deployment of smart parking systems using sensors and mobile apps to reduce circling traffic and improve parking efficiency.
Los Angeles,Congestion Monitoring Network,A0651,2015/01,Ongoing,N/A,City-wide,Intelligent Traffic Control,Installation of monitoring systems to track congestion patterns and inform transportation planning and traffic management decisions.
Los Angeles,Digital Mobility Platform Integration,A0652,2019/01,Ongoing,N/A,City-wide,Intelligent Traffic Control,Integration of digital platforms providing seamless access to multiple transportation modes through unified information and payment systems.
Los Angeles,Connected Vehicle Infrastructure,A0653,2018/01,Ongoing,N/A,Pilot,Intelligent Traffic Control,Deployment of vehicle-to-infrastructure communication systems to enable smart traffic management and improve safety efficiency.
Los Angeles,Mobility Data Analytics Program,A0654,2017/01,Ongoing,N/A,City-wide,Intelligent Traffic Control,Implementation of advanced analytics to process mobility data and inform policy decisions transportation planning and service improvements.
Los Angeles,Cool Roof Ordinance Implementation,A0655,2010/03,Ongoing,N/A,City-wide,Energy-efficient Building Refurbishment,Citywide ordinance requiring cool roofs on new and existing buildings to reduce energy consumption and urban heat island effect.
Los Angeles,Green Building Code Adoption,A0656,2010/01,Ongoing,N/A,City-wide,Energy-efficient Building Refurbishment,Adoption of Los Angeles Green Building Code based on CALGreen to reduce building energy and water use and carbon footprint.
Los Angeles,Solar Power Program Expansion,A0657,2014/01,Ongoing,N/A,City-wide,Energy-efficient Building Refurbishment,Investment in solar power generation using municipal utility advantage to generate clean power reduce pollution and improve grid reliability.
Los Angeles,Municipal Building Energy Retrofits,A0658,2015/01,Ongoing,N/A,City-wide,Energy-efficient Building Refurbishment,Implementation of energy efficiency retrofits on municipal buildings as part of Green Retrofit and Workforce Development Program.
Los Angeles,Building Energy Performance Standards,A0659,2017/01,Ongoing,N/A,City-wide,Energy-efficient Building Refurbishment,Establishment of energy performance standards for existing buildings to drive improvements in energy efficiency across building stock.
Los Angeles,Green Retrofit Workforce Program,A0660,2013/01,Ongoing,N/A,City-wide,Energy-efficient Building Refurbishment,Program encouraging building energy efficiency retrofits while creating green jobs through workforce development initiatives.
Los Angeles,PACE Financing for Retrofits,A0661,2011/01,Ongoing,N/A,City-wide,Energy-efficient Building Refurbishment,Property Assessed Clean Energy financing program enabling property owners to fund energy efficiency and renewable energy improvements.
Los Angeles,Energy Benchmarking Ordinance,A0662,2016/01,Ongoing,N/A,City-wide,Energy-efficient Building Refurbishment,Requirement for large buildings to benchmark and disclose energy use driving transparency and energy efficiency improvements.
Los Angeles,Window and Envelope Retrofits,A0663,2015/01,Ongoing,N/A,City-wide,Energy-efficient Building Refurbishment,Implementation of window glazing and building envelope retrofits to reduce solar heat gain and improve thermal performance.
Los Angeles,Commercial Building Energy Audits,A0664,2014/01,Ongoing,N/A,City-wide,Energy-efficient Building Refurbishment,Program requiring energy audits for commercial buildings to identify retrofit opportunities and improve energy performance.
Los Angeles,Urban Forestry Program,A0665,2006/01,Ongoing,N/A,City-wide,Green Infrastructure (Carbon Sinks),Citywide urban forestry program focused on tree planting maintenance and canopy expansion to sequester carbon and reduce heat.
Los Angeles,Million Trees LA Initiative,A0666,2007/01,2015/12,N/A,City-wide,Green Infrastructure (Carbon Sinks),Campaign to plant one million trees across Los Angeles to increase urban canopy coverage and provide cooling benefits.
Los Angeles,Green Streets Bioswales,A0667,2015/01,Ongoing,N/A,Medium (District/Corridor),Green Infrastructure (Carbon Sinks),Implementation of bioswales and green infrastructure along streets to manage stormwater capture carbon and provide ecological benefits.
Los Angeles,Living Streets Cool Pavement,A0668,2017/01,Ongoing,N/A,Pilot,Green Infrastructure (Carbon Sinks),Deployment of light-colored cool pavement tree canopies and bioswales as climate adaptation strategy along selected corridors.
Los Angeles,Park Development and Expansion,A0669,2010/01,Ongoing,N/A,City-wide,Green Infrastructure (Carbon Sinks),Development and expansion of urban parks and green spaces to provide carbon sequestration recreation and community benefits.
Los Angeles,Green Roof Implementation,A0670,2011/01,Ongoing,N/A,Pilot,Green Infrastructure (Carbon Sinks),Installation of green roofs on selected buildings to reduce energy consumption manage stormwater and provide carbon sequestration.
Los Angeles,Wetland Restoration Projects,A0671,2012/01,Ongoing,N/A,Medium (District/Corridor),Green Infrastructure (Carbon Sinks),Restoration of wetland areas to enhance biodiversity carbon storage water quality and climate resilience.
Los Angeles,Open Space Preservation,A0672,2008/01,Ongoing,N/A,City-wide,Green Infrastructure (Carbon Sinks),Protection and preservation of natural open spaces and hillsides to maintain carbon sinks and biodiversity.
Los Angeles,Community Garden Program,A0673,2010/01,Ongoing,N/A,City-wide,Green Infrastructure (Carbon Sinks),Support for community gardens throughout the city providing local food production green space and carbon sequestration benefits.
Los Angeles,Coastal Wetland Conservation,A0674,2009/01,Ongoing,N/A,Medium (District/Corridor),Green Infrastructure (Carbon Sinks),Conservation and restoration of coastal wetlands to sequester carbon protect against sea level rise and enhance biodiversity.
Los Angeles,Transit-Oriented Development Policy,A0675,2015/08,Ongoing,N/A,City-wide,Sustainable Land Management (Avoidance of Urban Sprawl),Policies promoting transit-oriented development to increase density near transit stations and reduce sprawl.
Los Angeles,Affordable Housing Transit Integration,A0676,2016/01,Ongoing,N/A,Medium (District/Corridor),Sustainable Land Management (Avoidance of Urban Sprawl),Affordable Housing Sustainable Communities program funding infill development connecting housing to jobs and transit.
Los Angeles,Corridors of Freedom Initiative,A0677,2014/01,Ongoing,N/A,Medium (District/Corridor),Sustainable Land Management (Avoidance of Urban Sprawl),Development of housing along major transit corridors to bring people closer to transportation and reduce sprawl.
Los Angeles,Infill Development Incentives,A0678,2016/01,Ongoing,N/A,City-wide,Sustainable Land Management (Avoidance of Urban Sprawl),Incentives and policy changes to encourage infill development in priority locations reducing urban sprawl and vehicle travel.
Los Angeles,Mixed-Use Zoning Expansion,A0679,2015/01,Ongoing,N/A,City-wide,Sustainable Land Management (Avoidance of Urban Sprawl),Expansion of mixed-use zoning near transit to create walkable neighborhoods and reduce need for automobile travel.
Los Angeles,Smart Growth Planning,A0680,2012/01,Ongoing,N/A,City-wide,Sustainable Land Management (Avoidance of Urban Sprawl),Implementation of smart growth principles to focus development in existing urban areas and preserve open space.
Los Angeles,Urban Growth Boundary Protection,A0681,2010/01,Ongoing,N/A,City-wide,Sustainable Land Management (Avoidance of Urban Sprawl),Protection of urban growth boundaries and hillside areas to prevent sprawl and maintain natural carbon sinks.
Los Angeles,Adaptive Reuse Ordinance,A0682,2009/01,Ongoing,N/A,City-wide,Sustainable Land Management (Avoidance of Urban Sprawl),Ordinance facilitating conversion of older buildings to new uses encouraging downtown revitalization and reducing greenfield development.
Los Angeles,Compact Development Standards,A0683,2015/08,Ongoing,N/A,City-wide,Sustainable Land Management (Avoidance of Urban Sprawl),Development standards promoting compact building forms and higher densities near transit to support sustainable growth patterns.
Los Angeles,Regional Planning Coordination,A0684,2012/01,Ongoing,N/A,City-wide,Sustainable Land Management (Avoidance of Urban Sprawl),Coordination with regional planning agencies to implement Sustainable Communities Strategy reducing vehicle miles traveled through integrated land use.
Casablanca,Tramway Line T1 Launch,A0685,2012/12,Ongoing,N/A,City-wide,Expansion of Public Local Transport,Opening of first tramway line featuring Y-shaped layout stretching twenty-three point five kilometers with thirty-seven stations linking suburbs to city center.
Casablanca,Tramway Line T2 Opening,A0686,2019/01,Ongoing,N/A,City-wide,Expansion of Public Local Transport,Launch of second tramway line serving key areas including Ain Diab and Casablanca Finance City enhancing connectivity across neighborhoods.
Casablanca,Tramway Lines T3 and T4 Launch,A0687,2024/09,Ongoing,N/A,City-wide,Expansion of Public Local Transport,Opening of two new tramway lines increasing network length by almost sixty percent with expanded coverage using modern Alstom trams.
Casablanca,BRT System Implementation,A0688,2024/03,Ongoing,N/A,Medium (District/Corridor),Expansion of Public Local Transport,Launch of first Bus Rapid Transit system in Maghreb region with articulated buses on dedicated lanes reducing journey times by thirty minutes daily.
Casablanca,Bus Fleet Modernization,A0689,2020/01,Ongoing,N/A,City-wide,Expansion of Public Local Transport,Procurement of five hundred Mercedes-Benz and two hundred Irizar buses to improve access quality and sustainability of urban mobility services.
Casablanca,Urban Mobility Master Plan,A0690,2007/01,Ongoing,N/A,City-wide,Expansion of Public Local Transport,Preparation and implementation of urban mobility master plan with creation of Casa Transports authority to coordinate public transport improvements.
Casablanca,Transit Integration Program,A0691,2019/01,Ongoing,N/A,City-wide,Expansion of Public Local Transport,Integration of buses trams and other modes through coordinated stations schedules and fare systems to improve multimodal connectivity.
Casablanca,Public Transport Concession Reform,A0692,2019/01,Ongoing,N/A,City-wide,Expansion of Public Local Transport,Concession agreement with private operator to improve bus access and service quality across Casablanca metropolitan area.
Casablanca,Transit Frequency Improvements,A0693,2019/01,Ongoing,N/A,City-wide,Expansion of Public Local Transport,Enhancement of transit service frequency with average headways of eleven minutes on tramway network serving over three hundred thousand daily users.
Casablanca,Affordable Transit Fare System,A0694,2012/01,Ongoing,N/A,City-wide,Expansion of Public Local Transport,Implementation of affordable integrated fare system across public transport modes to increase ridership and accessibility for all residents.
Casablanca,Al Boraq High-Speed Rail Connection,A0695,2018/11,Ongoing,N/A,City-wide,Expansion of Public Long-Distance Transport,Opening of high-speed rail line connecting Casablanca to Tangier and Rabat operating at speeds up to three hundred twenty kilometers per hour.
Casablanca,High-Speed Rail Extension to Marrakech,A0696,2020/01,Ongoing,N/A,City-wide,Expansion of Public Long-Distance Transport,Construction of high-speed rail extension from Kenitra to Marrakech via Casablanca Airport to reduce travel times and enhance connectivity.
Casablanca,Mohammed V Airport Rail Link,A0697,2018/11,Ongoing,N/A,Medium (District/Corridor),Expansion of Public Long-Distance Transport,High-speed rail connection to Mohammed V International Airport improving long-distance traveler access to regional and international flights.
Casablanca,Intercity Rail Network Enhancement,A0698,2015/01,Ongoing,N/A,City-wide,Expansion of Public Long-Distance Transport,Improvement of conventional rail connections linking Casablanca to other Moroccan cities as part of national rail modernization.
Casablanca,High-Speed Rail Network Expansion Plan,A0699,2021/01,Ongoing,N/A,City-wide,Expansion of Public Long-Distance Transport,Planning for high-speed rail network expansion to increase coverage from three hundred twenty to over twelve hundred eighty kilometers by specific targets.
Casablanca,Regional Bus Terminal Upgrades,A0700,2015/01,Ongoing,N/A,Medium (District/Corridor),Expansion of Public Long-Distance Transport,Modernization of intercity bus terminals including Ouled Ziane station to improve long-distance ground transportation connections.
Casablanca,Railway Electrification Program,A0701,2014/01,Ongoing,N/A,City-wide,Expansion of Public Long-Distance Transport,Electrification of railway lines using renewable energy to reduce greenhouse gas emissions from rail operations by twenty-five percent.
Casablanca,Freight Rail Optimization,A0702,2018/01,Ongoing,N/A,City-wide,Expansion of Public Long-Distance Transport,Enhancement of freight rail connections between Tangier Med port and Casablanca to shift cargo from road to more efficient rail transport.
Casablanca,National Rail Strategy Integration,A0703,2016/01,Ongoing,N/A,City-wide,Expansion of Public Long-Distance Transport,Integration of Casablanca rail services into national strategy to achieve significant reduction in transport sector energy consumption.
Casablanca,Long-Distance Rail Comfort Improvements,A0704,2018/11,Ongoing,N/A,City-wide,Expansion of Public Long-Distance Transport,Introduction of modern comfortable high-capacity trains on long-distance routes carrying up to five hundred passengers per train.
Casablanca,Bicycle Infrastructure Development,A0705,2015/01,Ongoing,N/A,Medium (District/Corridor),Expansion of Bicycle Paths,Development of urban cycling infrastructure as part of sustainable urban mobility planning to provide alternative transportation options.
Casablanca,Non-Motorized Transport Integration,A0706,2016/01,Ongoing,N/A,City-wide,Expansion of Bicycle Paths,Integration of cycling facilities with tramway and BRT systems to create multimodal sustainable transport networks.
Casablanca,Cycling Awareness Campaigns,A0707,2017/01,Ongoing,N/A,City-wide,Expansion of Bicycle Paths,Public awareness campaigns to promote cycling and walking as sustainable mobility options reducing dependence on private vehicles.
Casablanca,Bike Sharing Pilot Program,A0708,2019/01,Ongoing,N/A,Pilot,Expansion of Bicycle Paths,Introduction of bike-sharing system accessible via mobile apps to encourage cycling for short trips and first-last mile connectivity.
Casablanca,Protected Cycling Lanes,A0709,2020/01,Ongoing,N/A,Medium (District/Corridor),Expansion of Bicycle Paths,Construction of protected bicycle lanes along major corridors to improve cyclist safety and encourage active transportation mode shift.
Casablanca,Transit Station Bicycle Parking,A0710,2019/01,Ongoing,N/A,Medium (District/Corridor),Expansion of Bicycle Paths,Installation of secure bicycle parking facilities at tramway and BRT stations to facilitate bike-transit integration.
Casablanca,Urban Mobility Plan Cycling Component,A0711,2020/01,Ongoing,N/A,City-wide,Expansion of Bicycle Paths,Inclusion of comprehensive cycling strategy in updated urban mobility master plan emphasizing active transportation infrastructure.
Casablanca,Cycling Safety Improvements,A0712,2018/01,Ongoing,N/A,City-wide,Expansion of Bicycle Paths,Implementation of traffic calming measures and cycling-specific signage to improve safety for bicycle users on city streets.
Casablanca,Green Transportation Strategy Cycling,A0713,2019/01,Ongoing,N/A,City-wide,Expansion of Bicycle Paths,Development of cycling infrastructure as key component of national Green Transport Strategy to reduce emissions and promote sustainability.
Casablanca,Community Cycling Programs,A0714,2020/01,Ongoing,N/A,Medium (District/Corridor),Expansion of Bicycle Paths,Support for community-based cycling initiatives and programs targeting young people to build cycling culture and skills.
Casablanca,Pedestrian District Development,A0715,2015/01,Ongoing,N/A,Medium (District/Corridor),Expansion of Pedestrian Paths,Creation of pedestrian-friendly districts with improved walkways as part of urban development program to enhance accessibility.
Casablanca,Sidewalk Construction Program,A0716,2012/01,Ongoing,N/A,City-wide,Expansion of Pedestrian Paths,Citywide program to construct and repair sidewalks improving pedestrian safety and accessibility throughout metropolitan area.
Casablanca,Transit Station Pedestrian Access,A0717,2012/01,Ongoing,N/A,Medium (District/Corridor),Expansion of Pedestrian Paths,Development of safe pedestrian connections to tramway stations enabling walking as key component of multimodal trips.
Casablanca,BRT Pedestrian Integration,A0718,2024/03,Ongoing,N/A,Medium (District/Corridor),Expansion of Pedestrian Paths,Design of BRT stations with enhanced pedestrian access from densely populated areas like Ain Chock Salmia and Arrahma.
Casablanca,Urban Walkability Improvements,A0719,2016/01,Ongoing,N/A,City-wide,Expansion of Pedestrian Paths,Implementation of walkability improvements including crossing enhancements and pedestrian priority zones in commercial areas.
Casablanca,Historic District Pedestrianization,A0720,2014/01,Ongoing,N/A,Medium (District/Corridor),Expansion of Pedestrian Paths,Pedestrianization of historic areas and commercial districts to enhance walk
Tshwane,A Re Yeng BRT Launch,A0721,2014/11,Ongoing,N/A,City-wide,Expansion of Public Local Transport,The A Re Yeng Bus Rapid Transit system began operations connecting Pretoria CBD to Hatfield via Sunnyside with dedicated bus lanes and seven stations along a seven kilometer inception route featuring clean-burning Euro V diesel buses.
Tshwane,A Re Yeng Phase Expansion,A0722,2021/09,Ongoing,N/A,City-wide,Expansion of Public Local Transport,Extended A Re Yeng services from CBD to Menlyn economic node operating in mixed traffic to improve connectivity and expand the BRT network reach across the metropolitan area.
Tshwane,Pedestrian Safety Infrastructure,A0723,2024/01,Ongoing,N/A,City-wide,Expansion of Pedestrian Paths,Construction of pedestrian walkways totaling nearly four kilometers along with raised pedestrian crossings and speed management infrastructure to enhance pedestrian safety around schools and communities.
Tshwane,Gautrain Rail Connection,A0724,2012/01,Ongoing,N/A,Medium (District/Corridor),Expansion of Public Long-Distance Transport,Integration of Gautrain rapid rail system connecting Tshwane to Johannesburg and OR Tambo International Airport providing an alternative to road transport for regional commuting.
Tshwane,Clean Fuel BRT Buses,A0725,2014/11,Ongoing,N/A,City-wide,Alternative Drive Systems and Sharing Offers,Deployment of compressed natural gas powered buses making Tshwane the first African city to operate clean fuel BRT fleet reducing urban emissions from public transport.
Tshwane,BRT Intelligent Transport System,A0726,2014/11,Ongoing,N/A,City-wide,Intelligent Traffic Control,Implementation of high-tech bus management system with GPS tracking real-time monitoring cameras sensors and control centre for optimized fleet operations and passenger information.
Tshwane,Climate Action Plan Adoption,A0727,2022/06,Ongoing,N/A,City-wide,Green Infrastructure (Carbon Sinks),Launch of comprehensive Climate Action Plan targeting net-zero carbon by 2050 with emissions reduction goals of fifteen percent by 2030 and forty-five percent by 2040 emphasizing climate justice.
Tshwane,Speed Management Measures,A0728,2024/01,Ongoing,N/A,City-wide,Expansion of Pedestrian Paths,Installation of 166 speed humps and 8 mini circles across seven metro regions prioritizing areas surrounding schools to reduce accidents and enhance pedestrian safety.
Tshwane,Road Safety Decade Initiative,A0729,2021/01,2030/12,N/A,City-wide,Expansion of Pedestrian Paths,Investment in road safety improvements as part of the Decade of Action for Road Safety 2021-2030 campaign aiming to cut road deaths and serious injuries by fifty percent by 2030.
Tshwane,WiFi-Enabled BRT Fleet,A0730,2014/11,Ongoing,N/A,City-wide,Expansion of Public Local Transport,Provision of free WiFi services on all A Re Yeng trunk route buses enhancing passenger experience and digital connectivity for public transport users.
Yokohama,Minato Mirai District Decarbonization,A0731,2015/01,Ongoing,N/A,Medium (District/Corridor),Energy-efficient Building Refurbishment,Implementation of localized district heating and cooling systems in Minato Mirai area utilizing renewable energy for moving walkways and reducing building energy consumption.
Yokohama,Green Infrastructure Water Management,A0732,2015/01,Ongoing,N/A,Medium (District/Corridor),Green Infrastructure (Carbon Sinks),Installation of water circulation systems with rainwater retention and infiltration technology in Grand Mall Park creating cool microclimates through evapotranspiration and capillary action.
Yokohama,Climate Adaptation Infrastructure,A0733,2018/01,Ongoing,N/A,City-wide,Green Infrastructure (Carbon Sinks),Deployment of over 1000 infiltration inlet systems to separate stormwater and wastewater flows improving flood response and urban resilience to climate change impacts.
Yokohama,Bicycle and Pedestrian Streets,A0734,2015/01,Ongoing,N/A,Medium (District/Corridor),Expansion of Bicycle Paths,Renovation of streets to reduce driveway lanes and expand walkways with bikeway installation promoting cycling and walking as primary transport modes in major urban areas.
Yokohama,Port Decarbonization Initiative,A0735,2022/05,Ongoing,N/A,Medium (District/Corridor),Alternative Drive Systems and Sharing Offers,Launch of ammonia-fueled tugboat operations and green methanol usage programs at Yokohama Port advancing zero-emission maritime transport technologies.
Yokohama,Green Expo Planning,A0736,2024/03,2027/12,N/A,City-wide,Green Infrastructure (Carbon Sinks),Development of sustainability strategy for GREENxEXPO 2027 transforming former military zone into green innovation district with renewable energy and circular architecture principles.
Yokohama,Ocean Biodiversity Enhancement,A0737,2009/01,Ongoing,N/A,Medium (District/Corridor),Green Infrastructure (Carbon Sinks),Partnership programs to purify seawater and restore marine ecosystems in Yokohama harbor supporting fish shellfish and seaweed populations through the annual Triathlon Championship hosting.
Yokohama,Climate Action Plan Implementation,A0738,2020/01,Ongoing,N/A,City-wide,Energy-efficient Building Refurbishment,Adoption and implementation of comprehensive Global Warming Action Plan setting ambitious greenhouse gas reduction targets with sector-specific mitigation and adaptation measures.
Yokohama,Renewable Energy Infrastructure,A0739,2023/11,Ongoing,N/A,Medium (District/Corridor),Energy-efficient Building Refurbishment,Achievement of net-zero carbon emissions at Rinko Park through renewable energy generation from waste incineration and biomass methane fermentation creating circular energy systems.
Yokohama,Smart City Decarbonization,A0740,2011/01,Ongoing,N/A,City-wide,Intelligent Traffic Control,Continuous smart city initiatives recognized with World Smart City Award promoting decarbonization through public-private partnerships and innovative urban technology solutions.
Durban,Go Durban BRT Planning,A0741,2013/01,Ongoing,N/A,City-wide,Expansion of Public Local Transport,Announcement and planning of comprehensive integrated rapid public transport network with BRT routes connecting Bridge City to CBD Pinetown and Umhlanga targeting 85 percent resident access.
Durban,Walking and Cycling Infrastructure,A0742,2015/01,Ongoing,N/A,City-wide,Expansion of Bicycle Paths,Development of walking and cycling lanes and pedestrian-friendly environments to reduce car dependency and promote non-motorized transport as part of sustainable mobility transformation.
Durban,BRT Infrastructure Construction,A0743,2015/01,Ongoing,N/A,City-wide,Expansion of Public Local Transport,Construction of 60 kilometers of dedicated BRT trunk corridors and stations for Phase 1 implementation including C1 C3 and C9 routes to accommodate 25 percent of trunk transport demand.
Durban,Public Transport Bus System,A0744,2015/01,Ongoing,N/A,City-wide,Expansion of Public Local Transport,Acquisition of new bus fleet and development of cashless MUVO payment system integrating data from Metro Police and Traffic Management Centre for improved commuter experience.
Durban,Bus Lane Development,A0745,2015/01,Ongoing,N/A,Medium (District/Corridor),Expansion of Public Local Transport,Creation of dedicated bus lanes on major freeways to encourage mass transit usage reduce traffic congestion and improve transport flow and safety.
Durban,Green Building Policy,A0746,2021/01,Ongoing,N/A,City-wide,Energy-efficient Building Refurbishment,Adoption of green building policy for new constructions in Economic Development and Planning Cluster promoting energy efficiency and sustainable building practices.
Durban,Greenhouse Gas Inventory,A0747,2012/01,Ongoing,N/A,City-wide,Green Infrastructure (Carbon Sinks),Implementation of annual greenhouse gas emissions inventory reporting to Carbon Disclosure Project tracking community and municipal emissions to guide climate mitigation strategies.
Durban,Waste-to-Energy Programs,A0748,2015/01,Ongoing,N/A,City-wide,Green Infrastructure (Carbon Sinks),Development of recycling composting and waste-to-energy initiatives to reduce landfill waste and promote circular economy principles across communities and businesses.
Durban,Energy Efficiency Buildings,A0749,2020/01,Ongoing,N/A,City-wide,Energy-efficient Building Refurbishment,Procurement of energy service companies through performance contracts for energy efficiency improvements in public building infrastructure reducing municipal energy consumption.
Durban,Integrated Transport Planning,A0750,2013/01,Ongoing,N/A,City-wide,Sustainable Land Management (Avoidance of Urban Sprawl),Implementation of transport-oriented development approach connecting residential areas to employment centers through integrated public transport reducing urban sprawl and improving accessibility.
Berlin,Mobility Law Adoption,A0751,2017/01,2018/06,N/A,City-wide,Expansion of Public Local Transport,Enactment of first German state mobility law prioritizing public transport cycling and zero-emissions mobility creating legal foundation for balanced sustainable urban transport planning.
Berlin,Cycling Infrastructure Investment,A0752,2018/01,2019/12,N/A,City-wide,Expansion of Bicycle Paths,Allocation of 100 million euros for expanding cycling infrastructure including fresh green paint on cycle lanes turning red at risky crossings to improve cyclist safety.
Berlin,Electric Bus Fleet Transition,A0753,2018/01,2030/12,N/A,City-wide,Alternative Drive Systems and Sharing Offers,Commitment to transition entire BVG bus fleet to electric buses powered by renewable energy sources replacing 1500 diesel buses by 2030.
Berlin,BEK Climate Program,A0754,2018/01,Ongoing,N/A,City-wide,Energy-efficient Building Refurbishment,Adoption of Berlin Energy and Climate Protection Programme 2030 with strategies for building energy efficiency transport transformation and urban greening for climate neutrality by 2050.
Berlin,Building Energy Efficiency,A0755,2018/01,Ongoing,N/A,City-wide,Energy-efficient Building Refurbishment,Implementation of measures to improve energy efficiency of new and existing buildings responsible for half of city greenhouse gas emissions through various retrofit approaches.
Berlin,Public Transport Expansion,A0756,2017/01,Ongoing,N/A,City-wide,Expansion of Public Local Transport,Enhancement of public transport network to make bus and rail travel more attractive encouraging residents to reduce private car usage as part of mobility transformation.
Berlin,Cycling Strategy Update,A0757,2013/01,Ongoing,N/A,City-wide,Expansion of Bicycle Paths,Revision of cycling strategy to make Berlin more cycle-friendly supporting 1.5 million daily bike trips through improved infrastructure and safety measures.
Berlin,Urban Greening Program,A0758,2018/01,Ongoing,N/A,City-wide,Green Infrastructure (Carbon Sinks),Extension of green infrastructure including roofs and facades to enhance urban resilience to rising temperatures and improve climate adaptation capacity.
Berlin,Coal Phase-Out Legislation,A0759,2019/01,2030/12,N/A,City-wide,Energy-efficient Building Refurbishment,Adoption of legislation to end coal-generated power by 2030 eight years earlier than national requirements pioneering state-level climate action in Germany.
Berlin,Radbahn Cycle Track,A0760,2019/01,Ongoing,N/A,Pilot,Expansion of Bicycle Paths,Transformation of 200-meter stretch under U1 viaduct into innovative cycle track laboratory with green infrastructure water treatment and sustainable urban development features.
Caracas,Metro System Launch,A0761,1983/01,Ongoing,N/A,City-wide,Expansion of Public Local Transport,Inauguration of the first metro line establishing rapid mass transit backbone for capital city serving over two million daily passengers with efficient underground rail network connecting major districts.
Caracas,Metro Line 3 Completion,A0762,2010/01,Ongoing,N/A,City-wide,Expansion of Public Local Transport,Full operational completion of Line 3 connecting Plaza Venezuela to La Rinconada with eleven stations over ten kilometers serving southern areas and providing interchange with suburban rail.
Caracas,MetroCable San Agustin,A0763,2010/01,Ongoing,N/A,Medium (District/Corridor),Expansion of Public Local Transport,Cable car system with five stations spanning two kilometers connecting hillside barrio of San Agustin to metro network using gondolas with capacity for 1200 passengers per hour in each direction.
Caracas,Los Teques Metro Connection,A0764,2006/11,Ongoing,800,Medium (District/Corridor),Expansion of Public Long-Distance Transport,Suburban metro system linking satellite city of Los Teques to Caracas Metro at Las Adjuntas station spanning eleven kilometers with five stations serving 42000 daily commuters.
Caracas,Solar Energy Metro Stations,A0765,2010/01,Ongoing,N/A,Medium (District/Corridor),Alternative Drive Systems and Sharing Offers,Installation of photovoltaic systems on MetroCable station rooftops to provide renewable power for transport network and surrounding off-grid communities with wind turbines as interim solution.
Caracas,La Cota Mil Car-Free Initiative,A0766,2000/01,Ongoing,N/A,Medium (District/Corridor),Expansion of Pedestrian Paths,Weekly Sunday closure of major highway stretch from 5am to 1pm transforming roadway into open space for cyclists runners pedestrians and skaters promoting clean transport healthy living and community building.
Caracas,Ciclovias Network Development,A0767,2015/01,Ongoing,N/A,City-wide,Expansion of Bicycle Paths,Creation and expansion of dedicated cycling lanes throughout city supported by grassroots movements including Ciclo Guerrilla Urbana and BiciEscuela Urbana promoting bicycle culture and safe urban cycling.
Caracas,Metro Line 2 Extension,A0768,2006/07,Ongoing,N/A,City-wide,Expansion of Public Local Transport,Opening of parallel southern line connecting Plaza Venezuela to Capuchinos providing relief to congested Line 1 with fourteen stations spanning twenty-three kilometers serving Macarao and Rental areas.
Caracas,Elevated Station Climate Design,A0769,2010/01,Ongoing,N/A,Medium (District/Corridor),Green Infrastructure (Carbon Sinks),Construction of elevated MetroCable stations preserving ground-level airflow allowing prevailing winds to cool adjacent homes minimizing erosion from heavy rains and maintaining natural climate regulation.
Caracas,Pedestrian Oriented Transit,A0770,2010/01,Ongoing,N/A,Medium (District/Corridor),Expansion of Pedestrian Paths,Design of MetroCable stations and connections to preserve pedestrian oriented community character with minimal demolition establishing safe walkable access routes connecting hillside neighborhoods to valley transit.
Lusaka,Non-Motorized Transport Strategy,A0771,2022/01,Ongoing,N/A,City-wide,Expansion of Pedestrian Paths,Adoption of national strategy promoting equitable road space allocation focusing on walking cycling and public transport though implementation remains uneven requiring enhanced enforcement and infrastructure development.
Lusaka,Low-Carbon Transport Mapping,A0772,2023/07,Ongoing,N/A,City-wide,Intelligent Traffic Control,Launch of project to map public transport system while evaluating greenhouse gas emissions and accessibility of integrated transit networks using digital tools Observer and RouteLab for data collection.
Lusaka,Local Area Plans Development,A0773,2020/01,Ongoing,N/A,City-wide,Sustainable Land Management (Avoidance of Urban Sprawl),Creation of comprehensive local area plans highlighting transport issues and integrating land use with mobility to address urban sprawl and improve connectivity between residential areas and employment centers.
Lusaka,Road Safety Infrastructure,A0774,2021/01,Ongoing,N/A,City-wide,Expansion of Pedestrian Paths,Installation of 3D zebra crossings and other road safety measures addressing alarming fatality rates with 516 deaths in 2021 to improve safety for pedestrians and vulnerable road users especially near schools.
Lusaka,Transport Inclusivity Study,A0775,2021/01,2023/12,N/A,City-wide,Expansion of Pedestrian Paths,Research project funded by Volvo Research and Educational Foundations examining inclusivity in major road infrastructure projects for low-income disadvantaged groups women older people and disabled residents.
Lusaka,Climate Transport Planning,A0776,2023/01,Ongoing,N/A,City-wide,Expansion of Public Local Transport,Development of guidance framework for inclusive climate-resilient transport planning promoting shift to low-carbon modes including efficient public transport walking and cycling to reduce greenhouse gas emissions.
Lusaka,Minibus System Regulation,A0777,2017/01,Ongoing,N/A,City-wide,Expansion of Public Local Transport,Implementation of policies to improve governance and regulation of 2600 registered minibuses serving as main transport mode to reduce emissions from aging vehicle fleet and enhance service quality.
Lusaka,Participatory Transport Methods,A0778,2021/01,Ongoing,N/A,City-wide,Expansion of Pedestrian Paths,Application of creative participatory approaches including on-street surveys and PGIS mapping engaging disadvantaged groups to understand mobility needs road safety risks and climate impacts for inclusive planning.
Lusaka,Tokyo Way Junction Safety,A0779,2021/01,Ongoing,N/A,Pilot,Expansion of Pedestrian Paths,Targeted safety improvements at one of city's most dangerous traffic junctions affecting large numbers of school children and vulnerable road users using community engagement to identify solutions.
Lusaka,Public Transport Study,A0780,2021/01,2022/06,N/A,City-wide,Expansion of Public Local Transport,Comprehensive joint study with World Bank examining all aspects of current transport provision to develop roadmap for improved public transport services addressing mobility constraints faced by seventy percent of residents.
Buenos Aires,EcoBici Bike Share Launch,A0781,2010/01,Ongoing,N/A,City-wide,Alternative Drive Systems and Sharing Offers,Introduction of free public bicycle sharing system with 270 stations across 15 communes providing 24-hour access to bikes enabling 400000 daily trips and reducing 12155 tonnes of greenhouse gas emissions in 2020.
Buenos Aires,Protected Bicycle Lanes Network,A0782,2009/01,Ongoing,N/A,City-wide,Expansion of Bicycle Paths,Development of 286 kilometer cycle network connecting city center with populous neighborhoods linking schools universities hospitals strategically to promote active travel increasing cycling modal share from 0.4 to ten percent.
Buenos Aires,Metrobus 9 de Julio,A0783,2013/07,Ongoing,N/A,Medium (District/Corridor),Expansion of Public Local Transport,Conversion of 18-lane car-centric Avenida 9 de Julio into complete street with exclusive bus lanes reducing travel times by fifty percent for 255000 daily public transport users on widest avenue in world.
Buenos Aires,Metrobus Sur Corridor,A0784,2013/09,Ongoing,N/A,City-wide,Expansion of Public Local Transport,Opening of 23 kilometer BRT corridor in two branches General Roca and Fernandez de la Cruz with 32 stations carrying 250000 passengers daily reducing commute times twenty percent for eight neighborhoods.
Buenos Aires,Climate Action Plan 2050,A0785,2020/01,Ongoing,N/A,City-wide,Energy-efficient Building Refurbishment,Launch of comprehensive climate action plan committing to carbon neutrality by 2050 with targets for thirty percent residential building retrofits by 2030 and seventy percent new buildings using solar thermal energy.
Buenos Aires,Pedestrian Priority Areas,A0786,2013/01,Ongoing,N/A,City-wide,Expansion of Pedestrian Paths,Transformation of dozens of city center blocks into pedestrian-friendly environment encouraging walking and cycling with plans for 15 additional pedestrian zones by 2030 prioritizing public space over cars.
Buenos Aires,Green Spaces Expansion,A0787,2016/01,2022/12,N/A,City-wide,Green Infrastructure (Carbon Sinks),Incorporation of 110 hectares of new green spaces and 16 parks promoting recreational use healthy habits and climate change mitigation with goal of adding 100 blocks of public green space across 48 neighborhoods.
Buenos Aires,LED Street Lighting,A0788,2013/01,Ongoing,N/A,City-wide,Energy-efficient Building Refurbishment,Implementation of energy efficiency plan for public lighting with remote-managed LED technology providing significant energy savings and greater safety with higher illumination power compared to traditional sodium lamps.
Buenos Aires,Zero Emission Bus Target,A0789,2020/01,2030/12,N/A,City-wide,Alternative Drive Systems and Sharing Offers,Commitment to transition fifty percent of 18000 bus fleet to zero-emission vehicles by 2030 with biofuel as intermediary option supporting clean public transport and reducing transport sector emissions.
Buenos Aires,BA Climate Action Platform,A0790,2020/01,Ongoing,N/A,City-wide,Green Infrastructure (Carbon Sinks),Launch of open data platform co-created with 600 citizens experts and NGOs providing environmental indicators GHG inventory and 30 datasets to foster public dialogue promote transparency and enable citizen monitoring of climate goals.
Toronto,Bloor Street Bike Lane Pilot,A0791,2016/08,2016/11,0.5,Medium (District/Corridor),Expansion of Bicycle Paths,Installed temporary separated bike lanes on Bloor Street West between Shaw Street and Avenue Road as a pilot project to test cycling infrastructure on a major arterial road
Toronto,Queens Quay Revitalization,A0792,2009/01,2015/06,120,Medium (District/Corridor),Expansion of Pedestrian Paths,Transformed Queens Quay into a pedestrian-friendly waterfront boulevard with widened sidewalks and linear park connecting various precincts along the waterfront
Toronto,Toronto-York Spadina Subway Extension,A0793,2009/01,2017/12,3200,City-wide,Expansion of Public Local Transport,Extended Line 1 subway 8.6 kilometers northwest from Sheppard West to Vaughan Metropolitan Centre adding six new stations serving York University and York Region
Toronto,Bike Share Toronto Expansion,A0794,2011/05,2023/12,45,City-wide,Alternative Drive Systems and Sharing Offers,Launched and expanded public bike-sharing system from initial rollout to 756 stations with 8970 bicycles including 1815 e-bikes serving over 5.7 million annual rides
Toronto,Toronto Green Standard Version 2,A0795,2013/05,Ongoing,2,City-wide,Energy-efficient Building Refurbishment,Updated sustainable design requirements for new developments raising performance standards expected to save over one megatonne of GHG emissions by 2050
Toronto,ActiveTO Cycling Network Expansion,A0796,2020/05,2021/12,25,City-wide,Expansion of Bicycle Paths,Installed 40 kilometers of bike lanes across major corridors as COVID-19 physical distancing measure which were made permanent after showing high ridership and minimal traffic delays
Toronto,Green P EV Charging Network,A0797,2018/01,2024/12,18,City-wide,Alternative Drive Systems and Sharing Offers,Installed over 650 electric vehicle charging ports in Green P parking lots and on-street locations to support transition to electric vehicles
Toronto,Port Lands Flood Protection,A0798,2017/01,2024/12,1350,Medium (District/Corridor),Green Infrastructure (Carbon Sinks),Major infrastructure project renaturalizing Don River mouth creating new river valley and wetlands while protecting neighborhoods from flooding
Toronto,Green Streets Program,A0799,2015/01,Ongoing,85,City-wide,Green Infrastructure (Carbon Sinks),Integrated green infrastructure including bioswales permeable pavement and stormwater tree trenches into road projects to manage rainwater at source
Toronto,Cycling Network Plan Implementation,A0800,2016/06,Ongoing,105,City-wide,Expansion of Bicycle Paths,Approved 10-year plan to connect grow and renew cycling infrastructure with target of 100 kilometers of priority bikeway projects over three-year periods
Toronto,TTC Electric Bus Procurement,A0801,2020/01,Ongoing,420,City-wide,Alternative Drive Systems and Sharing Offers,Began integration of electric buses into TTC fleet working toward zero-emissions bus fleet target by 2037 three years ahead of original schedule
Toronto,Smart Traffic Signal System,A0802,2016/01,Ongoing,65,City-wide,Intelligent Traffic Control,Implemented adaptive traffic signal system using real-time data to optimize traffic flow and reduce congestion across major corridors
Toronto,Home Energy Loan Program,A0803,2014/01,Ongoing,12,City-wide,Energy-efficient Building Refurbishment,Provided financing for residential energy-efficient renovations supporting over 250 projects annually to reduce natural gas consumption and emissions
Toronto,Wastewater Energy Recovery,A0804,2022/01,Ongoing,45,Pilot,Alternative Drive Systems and Sharing Offers,Facilitated one of the largest sewer heat-recovery projects globally to expand local renewable energy supply for buildings using wastewater thermal energy
Dubai,Dubai Metro Red Line,A0805,2009/09,2011/09,7800,City-wide,Expansion of Public Local Transport,Opened fully automated driverless metro system with Red Line spanning 52.1 kilometers serving 29 stations connecting key areas from Rashidiya to Jebel Ali
Dubai,Dubai Metro Green Line,A0806,2011/09,2011/09,3200,City-wide,Expansion of Public Local Transport,Launched Green Line of Dubai Metro adding 22.5 kilometers with 20 stations providing crucial cross-city connectivity in fully automated system
Dubai,Dubai Tram Network,A0807,2014/11,2014/11,1100,Medium (District/Corridor),Expansion of Public Local Transport,Opened modern tram system along Al Sufouh Road connecting Dubai Marina to Al Sufouh covering 10.6 kilometers with 11 stations
Dubai,RTA Hybrid Taxi Fleet,A0808,2008/01,2020/12,280,City-wide,Alternative Drive Systems and Sharing Offers,Converted 50 percent of Dubai taxi fleet to hybrid vehicles as step toward goal of fully electric and hybrid fleet by 2027
Dubai,Green Building Regulations,A0809,2011/01,Ongoing,8,City-wide,Energy-efficient Building Refurbishment,Implemented green building regulations and specifications covering ecology planning building vitality and resource efficiency in energy water and materials
Dubai,Mohammed bin Rashid Solar Park Phase 1,A0810,2013/10,2013/10,120,City-wide,Green Infrastructure (Carbon Sinks),Launched first phase of what became world's largest single-site solar park with planned 5000 MW capacity by 2030
Dubai,EV Charging Infrastructure,A0811,2015/01,2023/12,95,City-wide,Alternative Drive Systems and Sharing Offers,Expanded electric vehicle charging network from 16 stations to 382 green charging stations across Dubai working toward 1000 by 2025
Dubai,Smart Traffic Management System,A0812,2016/01,Ongoing,145,City-wide,Intelligent Traffic Control,Deployed intelligent traffic management systems using real-time data to manage traffic flow and reduce congestion across road networks
Dubai,Route 2020 Metro Extension,A0813,2020/01,2021/01,2900,City-wide,Expansion of Public Long-Distance Transport,Extended Red Line 15 kilometers to Expo 2020 site adding seven new stations connecting to long-distance transport routes
Dubai,Dubai Waste-to-Energy Plant,A0814,2020/01,2024/12,1420,City-wide,Green Infrastructure (Carbon Sinks),Constructed world's largest waste-to-energy facility processing 5600 tonnes of waste daily converting 45 percent of municipal waste into 215 MWh clean energy
Dubai,Green Hydrogen Production Facility,A0815,2021/05,Ongoing,85,Pilot,Alternative Drive Systems and Sharing Offers,Built Middle East's first solar-powered green hydrogen production facility at Mohammed bin Rashid Solar Park generating approximately 90 tons since launch
Dubai,Bus Rapid Transit Al Khail Road,A0816,2019/01,2019/12,420,Medium (District/Corridor),Expansion of Public Local Transport,Developed dedicated bus rapid transit corridor along Al Khail Road improving public transport connectivity and reducing travel times
Quezon City,Climate Emergency Declaration Budget,A0817,2019/01,Ongoing,1250,City-wide,Sustainable Land Management (Avoidance of Urban Sprawl),Declared climate emergency allocating 13 percent of annual budget to climate initiatives growing to over 19 percent by 2024 for comprehensive action
Quezon City,Mandatory Green Building Standards,A0818,2019/01,Ongoing,4,City-wide,Energy-efficient Building Refurbishment,Enacted ordinance requiring construction projects to incorporate energy-efficient designs water conservation and sustainable materials including renewable energy
Quezon City,Active Transport Ordinance,A0819,2020/01,Ongoing,85,City-wide,Expansion of Bicycle Paths,Implemented ordinance expanding bike lane networks by 217 kilometers integrating with public transport to reduce fossil fuel reliance and carbon emissions
Quezon City,Free Electric Bus Service,A0820,2020/01,Ongoing,145,City-wide,Alternative Drive Systems and Sharing Offers,Transitioned free bus ride program serving over 20 million annual riders to electric vehicles working toward fully electric fleet including service vehicles
Quezon City,Solar Panel School Program,A0821,2021/01,2023/12,28,City-wide,Energy-efficient Building Refurbishment,Solarized 50 public high schools through C40 Cities Finance Facility project reducing electricity costs and greenhouse gas emissions
Quezon City,Joy of Urban Farming,A0822,2019/01,Ongoing,12,City-wide,Green Infrastructure (Carbon Sinks),Established over 1500 urban farms involving more than 40000 urban farmers providing food security while creating green spaces for carbon absorption
Quezon City,Enhanced Local Climate Action Plan,A0823,2021/01,Ongoing,8,City-wide,Sustainable Land Management (Avoidance of Urban Sprawl),Developed comprehensive strategic framework following C40 framework to build climate resilience pursue carbon neutrality and provide livable community for all
Quezon City,E-Trike Distribution Program,A0824,2018/01,2021/12,18,City-wide,Alternative Drive Systems and Sharing Offers,Distributed almost 300 electric tricycles to beneficiaries from various barangays promoting energy efficiency and clean technology in transport sector
Quezon City,OASIS Schoolyards Program,A0825,2022/01,Ongoing,15,Medium (District/Corridor),Green Infrastructure (Carbon Sinks),Transformed schoolyards into green multi-use community spaces resilient to both heatwaves and flooding through partnership with Resilient Cities Network
Quezon City,Plastic Ban Implementation,A0826,2019/01,2021/07,2,City-wide,Sustainable Land Management (Avoidance of Urban Sprawl),Enacted and implemented plastic bag ban and single-use plastics ordinance to change consumer behavior and reduce waste through sustainable practices
Quezon City,Parks and Open Spaces Expansion,A0827,2020/01,Ongoing,95,City-wide,Green Infrastructure (Carbon Sinks),Committed to doubling city's parks and open spaces by 2030 creating green infrastructure for climate resilience recreation and urban cooling
Quezon City,Building Solarization Target,A0828,2021/01,Ongoing,125,City-wide,Energy-efficient Building Refurbishment,Committed to solarize all viable city-owned buildings by 2030 reducing energy costs and greenhouse gas emissions through renewable energy deployment
Quezon City,SPARK Active Mobility Project,A0829,2023/01,Ongoing,6,Medium (District/Corridor),Expansion of Bicycle Paths,Launched project with ICLEI to increase role of active mobility building resilient transport systems and promoting climate-friendly mobility behavior
Quezon City,Climate Change Department Establishment,A0830,2019/01,Ongoing,8,City-wide,Sustainable Land Management (Avoidance of Urban Sprawl),Created first dedicated local government department in Philippines for leading whole-of-government whole-of-society approach to climate actionlimate Change Department Establishment,A0850,2019/01,Ongoing,8,City-wide,Sustainable Land Management (Avoidance of Urban Sprawl),Created first dedicated local government department in Philippines for leading whole-of-government whole-of-society approach to climate action
Rome,Metro Line C Phase 1,A0831,2014/11,2018/05,3000,City-wide,Expansion of Public Local Transport,First driverless metro line in Rome connecting southeastern suburbs with city center through San Giovanni station with 21 stations operational reducing travel times and emissions for thousands of daily commuters.
Rome,Metro Line C Phase 2,A0832,2018/05,Ongoing,2000,City-wide,Expansion of Public Local Transport,Extension of automated metro system towards historic center including complex stations at archaeological sites with advanced excavation techniques to preserve Roman heritage while expanding sustainable transit network.
Rome,GRAB Bicycle Ring Road,A0833,2021/07,2024/12,150,City-wide,Expansion of Bicycle Paths,Circular cycling and pedestrian route of 50 kilometers connecting historic landmarks parks and green spaces integrating with four metro lines five tram lines and multiple railway stations promoting active mobility throughout the city.
Rome,Transitory Bike Lanes Program,A0834,2020/05,2022/12,25,City-wide,Expansion of Bicycle Paths,Emergency response program implementing 150 kilometers of new cycling infrastructure on main streets and key routes using temporary infrastructure later upgraded to permanent facilities supporting post-pandemic mobility shift.
Rome,Urban Cycling Network Expansion,A0835,2015/01,2023/12,180,City-wide,Expansion of Bicycle Paths,Comprehensive development of urban cycling infrastructure adding over 100 kilometers of bike lanes throughout the city including new bike parking facilities and mobility hubs integrated with public transport stops.
Rome,30 km/h Speed Zones Implementation,A0836,2020/01,Ongoing,15,Medium (District/Corridor),Expansion of Pedestrian Paths,Introduction of traffic calming zones with reduced speed limits across multiple districts improving pedestrian safety and accessibility to public transport stops while creating more livable urban spaces.
Rome,Pedestrian Priority Areas,A0837,2018/01,Ongoing,45,Medium (District/Corridor),Expansion of Pedestrian Paths,Systematic identification and development of new pedestrian routes and car-free public spaces throughout the city gradually transforming vehicle-dominated areas into walkable neighborhoods enhancing urban livability.
Rome,Bike Sharing System Integration,A0838,2016/01,Ongoing,30,City-wide,Alternative Drive Systems and Sharing Offers,Implementation of integrated bike-sharing programs connected with public transport system including docking stations at metro and rail stations facilitating multimodal sustainable mobility options for residents and tourists.
Rome,Electric Bus Fleet Transition,A0839,2019/01,Ongoing,120,City-wide,Alternative Drive Systems and Sharing Offers,Progressive replacement of diesel buses with electric vehicles on major transit routes reducing emissions and noise pollution while improving air quality and contributing to climate neutrality goals.
Rome,Sustainable Urban Mobility Plan,A0840,2023/02,Ongoing,500,City-wide,Intelligent Traffic Control,Comprehensive strategic framework integrating all mobility aspects including traffic management systems public transport optimization and sustainable mode prioritization across 120 municipalities in metropolitan area covering 5300 square kilometers.
Rome,Green Corridors Development,A0841,2016/01,Ongoing,85,City-wide,Green Infrastructure (Carbon Sinks),Creation of green linear parks and ecological corridors along former railway lines and underutilized urban spaces increasing urban vegetation carbon sequestration and biodiversity while providing recreational areas.
Chicago,Red Line Extension Planning,A0842,2015/01,2025/12,5700,City-wide,Expansion of Public Local Transport,Major transit infrastructure project extending busiest rail line 5.5 miles from 95th to 130th Street with four new accessible stations improving connectivity for underserved Far South Side communities with significant federal investment.
Chicago,CTA Service Restoration,A0843,2020/01,2024/06,850,City-wide,Expansion of Public Local Transport,Complete restoration of bus and rail service to pre-pandemic levels across entire transit network ensuring reliable frequent service for growing ridership while supporting economic recovery and sustainable mobility goals.
Chicago,Divvy Bike Share Expansion,A0844,2013/06,2023/12,95,City-wide,Alternative Drive Systems and Sharing Offers,City-wide bicycle sharing system with thousands of bikes and hundreds of stations enabling residents and visitors to access affordable sustainable transportation for short trips integrated with transit network.
Chicago,Electric Bus Fleet Program,A0845,2019/01,Ongoing,450,City-wide,Alternative Drive Systems and Sharing Offers,Transition towards 100% electric CTA bus fleet with procurement and deployment of electric buses across routes reducing greenhouse gas emissions improving air quality and advancing climate action commitments.
Chicago,Protected Bike Lane Network,A0846,2011/01,2023/12,120,City-wide,Expansion of Bicycle Paths,Strategic development of protected bicycle infrastructure throughout city including separated lanes on major corridors connecting neighborhoods with downtown and key destinations improving cyclist safety and encouraging active transportation.
Chicago,Shared Streets Initiative,A0847,2020/04,2021/12,12,Medium (District/Corridor),Expansion of Bicycle Paths,Pandemic-era program converting select streets to prioritize pedestrians and cyclists with traffic calming measures demonstrating feasibility of people-centered street design across 55 corridors with strong public support.
Chicago,Vision Zero Safety Program,A0848,2017/01,Ongoing,85,City-wide,Expansion of Pedestrian Paths,Comprehensive traffic safety initiative implementing infrastructure improvements pedestrian crossings traffic calming and speed reduction measures aimed at eliminating traffic fatalities and serious injuries throughout the city.
Chicago,Access to Transit Projects,A0849,2020/01,2023/12,35,City-wide,Expansion of Pedestrian Paths,Regional program improving bicycle and pedestrian infrastructure near transit stations throughout northeastern Illinois enhancing first-mile last-mile connectivity and making sustainable transportation more accessible to diverse communities.
Chicago,Surface Transportation Program,A0850,2015/01,2024/12,894,City-wide,Expansion of Pedestrian Paths,Federal funding program supporting road bridge construction and modernization with nearly all projects incorporating bicycle pedestrian and ADA infrastructure improvements enhancing accessibility across metropolitan region.
Chicago,Green Infrastructure Plan,A0851,2014/01,Ongoing,180,City-wide,Green Infrastructure (Carbon Sinks),Strategic implementation of urban greening initiatives including street trees rain gardens and green stormwater infrastructure throughout neighborhoods improving air quality managing stormwater and increasing urban carbon sequestration.
Chicago,Climate Action Plan 2022,A0852,2008/01,Ongoing,425,City-wide,Sustainable Land Management (Avoidance of Urban Sprawl),Comprehensive framework establishing emission reduction goals renewable energy transition targets and sustainable development policies promoting compact urban growth transit-oriented development and preservation of green spaces.
Fortaleza,BRT Corridor Network,A0853,2014/01,2018/12,280,City-wide,Expansion of Public Local Transport,Comprehensive bus rapid transit system with 108 kilometers of dedicated bus lanes refurbished terminals and integrated fare system connecting suburbs with city center dramatically reducing travel times and improving public transport efficiency.
Fortaleza,Cycling Infrastructure Program,A0854,2014/01,2023/12,145,City-wide,Expansion of Bicycle Paths,Massive expansion delivering 225 kilometers of cycling infrastructure throughout city including protected bike lanes paths and integration with public transport creating one of Brazil's most extensive urban cycling networks.
Fortaleza,Bike Share Integration,A0855,2014/01,Ongoing,18,City-wide,Alternative Drive Systems and Sharing Offers,City-subsidized bicycle sharing system integrated with public transport network with 70% cost coverage making service free for users including specialized Mini Bicicletar program for children promoting cycling as viable transport mode.
Fortaleza,Complete Streets Redesign,A0856,2014/01,2022/12,95,City-wide,Expansion of Pedestrian Paths,Implementation of equitable road space division prioritizing public transport cycling and walking with raised pedestrian crossings intersection redesigns and reduced speed limits improving safety and accessibility citywide.
Fortaleza,Road Safety Initiative,A0857,2014/01,2019/12,45,City-wide,Intelligent Traffic Control,Comprehensive mobility strategy with speed reduction interventions priority bus lanes cycling infrastructure and traffic calming measures reducing traffic fatalities from 14.66 to 9.71 per 100000 residents.
Fortaleza,E-Tricycle Recycling Program,A0858,2023/01,Ongoing,8,City-wide,Alternative Drive Systems and Sharing Offers,Innovative electric tricycle fleet for waste collection employing informal recyclers with GPS routing and battery-powered vehicles reducing emissions while improving recycling infrastructure and providing green jobs for vulnerable communities.
Fortaleza,Urban Greenways Development,A0859,2015/01,Ongoing,62,City-wide,Green Infrastructure (Carbon Sinks),Investment in linear parks greenways and urban forests along corridors and public spaces increasing vegetation cover improving air quality providing recreational areas and enhancing climate resilience through natural infrastructure.
Fortaleza,Transit-Oriented Development,A0860,2016/01,Ongoing,125,City-wide,Sustainable Land Management (Avoidance of Urban Sprawl),Strategic planning promoting high-density mixed-use development around BRT stations and transit hubs concentrating growth along transport corridors reducing urban sprawl and encouraging sustainable travel patterns.
Fortaleza,Pedestrian Priority Zones,A0861,2017/01,2022/12,35,Medium (District/Corridor),Expansion of Pedestrian Paths,Designation of pedestrian-priority areas in central districts with widened sidewalks improved crossings street furniture and traffic restrictions creating safer more attractive walkable environments encouraging active mobility.
Fortaleza,Cycling Master Plan Implementation,A0862,2015/01,2023/12,75,City-wide,Expansion of Bicycle Paths,Strategic roadmap guiding systematic expansion of cycling network with dedicated routes connecting residential areas employment centers schools and transit stations supported by World Bank funding and parking fee reinvestment.
Fortaleza,Sustainable Transport Integration,A0863,2018/01,Ongoing,55,City-wide,Expansion of Public Local Transport,Integration of multiple transit modes including BRT buses bikes and future metro connections through unified fare payment systems and coordinated schedules improving accessibility and convenience for multimodal journeys.
Medellin,Metrocable Line K,A0864,2004/01,Ongoing,26,Medium (District/Corridor),Expansion of Public Local Transport,World's first urban cable car integrated with metro system connecting hillside informal settlements with city center reducing two-hour commutes to 30 minutes serving 30000 daily passengers with zero local emissions.
Medellin,Metrocable Line J,A0865,2008/01,Ongoing,47,Medium (District/Corridor),Expansion of Public Local Transport,Second aerial cable car line with four stations serving 315000 residents in 37 districts integrated with metro network using renewable energy from hydroelectric sources cutting travel times and improving accessibility for low-income communities.
Medellin,Metrocable Line L Arvi,A0866,2010/01,Ongoing,35,Medium (District/Corridor),Expansion of Public Local Transport,Tourist and recreational cable car line connecting city with Arvi Park ecological reserve providing sustainable access to green spaces while demonstrating environmental tourism potential and generating additional revenue for system expansion.
Medellin,Metrocable Line H,A0867,2016/01,Ongoing,52,Medium (District/Corridor),Expansion of Public Local Transport,Additional cable car connection serving western hillside communities integrated with tram and metro system further extending sustainable transit access to marginalized neighborhoods and reducing carbon emissions by thousands of tons annually.
Medellin,Tranvia Ayacucho Tram,A0868,2016/01,Ongoing,285,Medium (District/Corridor),Expansion of Public Local Transport,Modern tram system with rubber tires for steep terrain connecting Metrocable Line H with metro Line A using 12 trams providing frequent service on dedicated right-of-way enhancing integrated transit network.
Medellin,Metroplus BRT System,A0869,2011/01,Ongoing,180,City-wide,Expansion of Public Local Transport,Bus rapid transit network with energy-efficient buses operating on separate lanes connecting with Metrocable and metro stations providing metro-like service quality extending sustainable transit reach beyond rail corridors.
Medellin,Electric Escalators System,A0870,2011/01,Ongoing,15,Medium (District/Corridor),Expansion of Pedestrian Paths,Free-to-use electric escalators spanning 384 meters connecting tens of thousands living in hilly outskirts with metro system reducing 35-minute climbs to just six minutes improving accessibility for elderly and mobility-challenged residents.
Medellin,Integrated Urban Projects PUI,A0871,2003/01,Ongoing,420,City-wide,Green Infrastructure (Carbon Sinks),Comprehensive urban regeneration program around transit infrastructure creating 1.6 million square meters of new public space including parks plazas libraries and community facilities improving quality of life in disadvantaged neighborhoods.
Medellin,Cycling Infrastructure Expansion,A0872,2010/01,2023/12,45,City-wide,Expansion of Bicycle Paths,Development of dedicated cycling lanes and bike paths throughout metropolitan area integrating with transit stations and major corridors promoting cycling as sustainable transport mode complementing public transit network.
Medellin,EnCicla Bike Share,A0873,2011/01,Ongoing,12,City-wide,Alternative Drive Systems and Sharing Offers,Free public bicycle sharing system integrated with metro and Metrocable stations providing thousands of bikes at strategic locations encouraging short-trip cycling and first-last mile connections to public transport.
Medellin,Solar Panel Integration,A0874,2015/01,Ongoing,28,City-wide,Alternative Drive Systems and Sharing Offers,Installation of solar panels at Metrocable stations and transit facilities generating renewable energy for operations reducing grid dependence and demonstrating commitment to clean energy while cutting carbon footprint of transport system.
Medellin,Smart Mobility Platform,A0875,2017/01,Ongoing,35,City-wide,Intelligent Traffic Control,Integrated digital platform for real-time transit information trip planning and fare payment enabling efficient multimodal journey coordination and providing data for system optimization and service improvements.
Accra,Ghana Urban Transport Project,A0876,2008/01,2015/12,95,City-wide,Expansion of Public Local Transport,Comprehensive urban transport reform program implementing institutional strengthening traffic management improvements and infrastructure for pilot Bus Rapid Transit corridors aimed at enhancing mobility and reducing greenhouse gas emissions in Greater Accra Metropolitan Area.
Accra,Traffic Management System,A0877,2010/01,2015/12,12,City-wide,Intelligent Traffic Control,Implementation of traffic engineering measures including signal optimization intersection improvements and priority lanes along BRT corridors to improve traffic flow reduce congestion and enhance safety for all road users across the metropolitan area.
Accra,Pedestrian Safety Action Plan,A0878,2015/01,Ongoing,8,City-wide,Expansion of Pedestrian Paths,Strategic initiative to improve pedestrian infrastructure safety and accessibility throughout the city including enhanced crossings widened walkways and traffic calming measures to reduce accident rates and facilitate walking as primary mode of transport.
Accra,BRT Corridor Infrastructure,A0879,2010/01,2016/08,35,Medium (District/Corridor),Expansion of Public Local Transport,Development of dedicated bus lanes terminals and tube stations along pilot BRT route connecting major terminals with central business district providing faster more reliable public transport service with improved passenger loading facilities.
Accra,Public Transport Registration System,A0880,2009/01,2014/12,5,City-wide,Intelligent Traffic Control,Regulatory reform requiring registration of informal trotro operators and public transport vehicles achieving ninety percent registration in Greater Accra improving sector coordination safety standards and enabling better planning of integrated transport services.
Accra,Cycling Infrastructure Integration,A0881,2014/01,Ongoing,6,Medium (District/Corridor),Expansion of Bicycle Paths,Planning and initial implementation of bicycle lanes and pathways integrated with BRT corridors and major routes to promote non-motorized transport provide last-mile connectivity and reduce dependence on motorized vehicles for short trips.
Accra,Transit-Oriented Development Policy,A0882,2010/01,Ongoing,15,City-wide,Sustainable Land Management (Avoidance of Urban Sprawl),Strategic planning framework promoting higher-density mixed-use development around BRT stations and transport hubs to combat urban sprawl reduce commute distances and encourage sustainable travel patterns throughout metropolitan area.
Accra,BRT Quality Bus Service,A0883,2012/01,2016/08,22,Medium (District/Corridor),Alternative Drive Systems and Sharing Offers,Introduction of Quality Bus Service with modern energy-efficient buses on dedicated lanes providing metro-like service quality with pre-paid fare collection reduced boarding times and improved comfort to attract passengers from private vehicles.
Accra,Pedestrian Walkway Program,A0884,2013/01,Ongoing,10,Medium (District/Corridor),Expansion of Pedestrian Paths,Construction of dedicated pedestrian walkways along BRT corridors and major routes improving safety comfort and accessibility for large proportion of population that walks or uses walking to access public transport stations.
Accra,Urban Green Space Protection,A0885,2010/01,Ongoing,18,City-wide,Green Infrastructure (Carbon Sinks),Policy measures to preserve existing green spaces and limit further urban sprawl protecting natural carbon sinks improving air quality and maintaining ecological balance while managing rapid population growth and urbanization pressures.
Accra,Intelligent Transport Monitoring,A0886,2013/01,2016/12,7,City-wide,Intelligent Traffic Control,Implementation of monitoring evaluation and data collection systems for urban transport including air quality sensors traffic flow monitors and emissions tracking to inform policy decisions and measure environmental benefits of transport interventions.
Paris,Plan Velo 2015-2020,A0887,2015/01,2020/12,150,City-wide,Expansion of Bicycle Paths,Ambitious cycling infrastructure program tripling bicycle modal share from five to fifteen percent by creating express cycling paths installing over ten thousand bike parking spaces and expanding Velib bike-sharing system with over seven hundred kilometers of dedicated lanes.
Paris,Coronapistes Temporary Lanes,A0888,2020/05,2021/12,25,City-wide,Expansion of Bicycle Paths,Emergency pandemic response creating fifty kilometers of temporary bicycle-only lanes on major routes to enable safe socially-distanced commuting which proved so popular that majority were converted to permanent protected cycling infrastructure.
Paris,Plan Velo Act 2,A0889,2021/01,2026/12,250,City-wide,Expansion of Bicycle Paths,Second phase cycling plan adding one hundred eighty kilometers of bike-safe pathways beyond existing network transforming car parking into bike parking implementing green wave traffic signals for cyclists and making every street cycle-friendly by target date.
Paris,30 km/h Speed Limit,A0890,2021/08,Ongoing,8,City-wide,Expansion of Pedestrian Paths,Implementation of thirty kilometers per hour speed restrictions across central Paris streets improving pedestrian safety reducing traffic fatalities creating more livable urban spaces and encouraging shift from private vehicles to active mobility modes.
Paris,Pedestrian Priority Zones,A0891,2020/01,Ongoing,35,Medium (District/Corridor),Expansion of Pedestrian Paths,Creation of limited traffic zones and pedestrian hearts in each district reserving streets for pedestrians bicycles and public transport following Barcelona superblocks concept to reduce car dominance and create more walkable neighborhoods.
Paris,Velib Bike Share Expansion,A0892,2015/01,2023/12,65,City-wide,Alternative Drive Systems and Sharing Offers,Major expansion of one of world's largest bike-sharing systems adding thousands of bikes and hundreds of docking stations across city and suburbs providing affordable sustainable transportation option integrated with metro and rail network.
Paris,Grand Paris Express Line 14,A0893,2003/01,2024/06,4500,City-wide,Expansion of Public Local Transport,Extension of automated metro line fourteen southward to Orly Airport adding new stations improving airport connectivity and reducing need for private vehicle trips with driverless trains operating at high frequency on dedicated infrastructure.
Paris,Grand Paris Express Lines 15-18,A0894,2016/01,Ongoing,35500,City-wide,Expansion of Public Local Transport,Massive metro expansion project adding two hundred kilometers of new automated lines and sixty-eight stations connecting suburbs without passing through center doubling existing network size reducing car dependency and enabling three million daily passengers.
Paris,Electric Bus Fleet Program,A0895,2019/01,2030/12,850,City-wide,Alternative Drive Systems and Sharing Offers,Progressive transition to one hundred percent electric and clean energy bus fleet across Paris transport network reducing emissions noise pollution and air quality impacts while achieving climate action plan goal of fully decarbonized public transport.
Paris,Climate Action Plan Implementation,A0896,2008/01,Ongoing,2000,City-wide,Green Infrastructure (Carbon Sinks),Comprehensive framework targeting carbon neutrality by twenty fifty including opening three hundred hectares of green spaces achieving ten square meters per inhabitant planting urban forests and implementing green roofs to enhance carbon sequestration.
Paris,Transit-Oriented Development,A0897,2010/01,Ongoing,1200,City-wide,Sustainable Land Management (Avoidance of Urban Sprawl),Strategic planning around Grand Paris Express stations promoting compact mixed-use development energy-efficient buildings and transit accessibility to concentrate growth along transport corridors preventing sprawl and reducing automobile dependence across metropolitan region.
Curitiba,Bus Rapid Transit System,A0898,1974/01,Ongoing,200,City-wide,Expansion of Public Local Transport,World's first Bus Rapid Transit system with dedicated lanes tube stations pre-board fare payment and express services operating like above-ground subway carrying over two million daily passengers on five structural corridors integrated with feeder network.
Curitiba,Rede Integrada de Transporte,A0899,1990/01,Ongoing,180,City-wide,Expansion of Public Local Transport,Comprehensive integration of all bus lines into unified network with hierarchical service types common terminals and single ticket allowing unlimited transfers enabling efficient multimodal journeys across entire metropolitan area with sixty percent transit mode share.
Curitiba,Direct Line Express Service,A0900,2011/01,Ongoing,45,City-wide,Expansion of Public Local Transport,Implementation of express bus service with fewer stops along major corridors substantially reducing travel times for longer-distance commuters while maintaining high-frequency service and dedicated lane priority throughout the integrated transit network.
Curitiba,Biofuel Bus Fleet,A0901,2009/01,Ongoing,75,City-wide,Alternative Drive Systems and Sharing Offers,Introduction of Latin America's pioneering biodiesel-only buses producing over twenty-five percent less greenhouse gas emissions than conventional diesel buses demonstrating commitment to alternative fuels and reducing transport sector carbon footprint.
Curitiba,Hybrid Electric Buses,A0902,2014/01,Ongoing,120,City-wide,Alternative Drive Systems and Sharing Offers,Deployment of thirty hybrid buses and progressive expansion of hybrid-electric fleet reducing fuel consumption by thirty-five percent lowering emissions and operational costs while maintaining service quality and supporting climate neutrality goals.
Curitiba,Intelligent Transport System,A0903,2013/01,Ongoing,65,City-wide,Intelligent Traffic Control,Public-private partnership establishing integrated monitoring and management platform with dynamic traffic control priority signaling real-time passenger information and system optimization capabilities improving punctuality efficiency and user experience across BRT network.
Curitiba,Bicycle Network Integration,A0904,2012/01,2023/12,85,City-wide,Expansion of Bicycle Paths,Development of two hundred kilometers of cycling infrastructure including dedicated lanes along BRT corridors bike racks at nearly every station and implementation of bicycle masterplan promoting cycling for last-mile connectivity and sustainable mobility.
Curitiba,Bici Q Bike Share,A0905,2012/01,Ongoing,12,City-wide,Alternative Drive Systems and Sharing Offers,Municipal bicycle-sharing system providing accessible bikes at stations throughout city integrated with BRT terminals enabling multimodal journeys and supporting shift to sustainable transport for short trips and first-last mile connections.
Curitiba,Linha Verde Corridor,A0906,2010/01,2018/12,280,City-wide,Expansion of Public Local Transport,Sixth BRT line running on biofuel along twenty-two kilometer route integrating adjacent neighborhoods where thirty-two percent of population lives surrounded by green areas bike paths and sustainable urban development following transit-oriented principles.
Curitiba,Urban Parks Development,A0907,2014/01,Ongoing,95,City-wide,Green Infrastructure (Carbon Sinks),Creation of four new parks along River Barigui borders establishing ecological corridor preserving urban biodiversity with retention ponds for flood management totaling over sixty-four square meters of green space per resident enhancing climate resilience.
Curitiba,Transit-Oriented Master Plan,A0908,1966/01,Ongoing,150,City-wide,Sustainable Land Management (Avoidance of Urban Sprawl),Comprehensive fifty-year planning framework revised every decade integrating land use and transport with radial expansion along five BRT corridors mixed-use development and strict environmental regulations preventing sprawl and promoting sustainable urban growth.
Quito,Metrobus-Q BRT Network,A0909,2000/01,2016/12,450,City-wide,Expansion of Public Local Transport,Comprehensive Bus Rapid Transit system with three lines totaling eighty-one kilometers including Trolebus Ecovia and Corridor Central providing dedicated lanes integrated terminals and efficient north-south connectivity serving seventy percent of population with public transport.
Quito,Metro Line One,A0910,2013/01,2023/12,2400,City-wide,Expansion of Public Local Transport,First metro line spanning twenty-two kilometers with fifteen accessible stations forming backbone of integrated multimodal transport system serving three hundred thousand daily trips with clean safe reliable service reducing commute times by half and cutting emissions.
Quito,Trolleybus Modernization,A0911,2014/01,2020/12,85,City-wide,Expansion of Public Local Transport,Major upgrade to electric trolleybus fleet with new vehicles reducing overcrowding from fifteen to nine people per square meter improving safety with rubber flooring Braille information and enhanced accessibility for mobility-challenged passengers.
Quito,Cable Car Planning,A0912,2018/01,Ongoing,120,Medium (District/Corridor),Expansion of Public Local Transport,Development of two cable car lines connecting hillside neighborhoods with metro and transit network providing sustainable access for communities in steep terrain reducing long commutes and improving mobility equity for residents in challenging topography.
Quito,Cycling Infrastructure Program,A0913,2010/01,2023/12,48,City-wide,Expansion of Bicycle Paths,Strategic expansion delivering forty-five kilometers of cycling lanes throughout city integrated with transit stations and major corridors promoting active mobility and providing sustainable first-mile last-mile connections complementing public transport network.
Quito,Bici Q Bike Share System,A0914,2012/01,2023/12,15,City-wide,Alternative Drive Systems and Sharing Offers,Municipal bicycle-sharing program operating with two thousand bikes and thirty stations across city providing affordable sustainable transport option for short trips encouraging multimodal journeys and supporting shift away from private vehicle use.
Quito,Ciclopaseo Program,A0915,2003/01,Ongoing,5,City-wide,Expansion of Bicycle Paths,Weekly initiative closing thirty kilometers of roads to cars every Sunday morning enabling walking and cycling in car-free environment promoting active lifestyles recreational activity and demonstrating viability of people-centered street design.
Quito,Pedestrian Integration Project,A0916,2015/01,2023/12,42,City-wide,Expansion of Pedestrian Paths,Comprehensive improvement of pedestrian pathways connections to BRT stations and metro with enhanced crossings widened sidewalks accessibility features and integration with multimodal transport system facilitating walking as primary mode in dense urban core.
Quito,Bajale al Acoso Safety,A0917,2016/01,Ongoing,3,City-wide,Intelligent Traffic Control,Mobile platform and safety initiative for reporting antisocial behavior and sexual harassment in public transport including dedicated reporting systems security personnel panic buttons and cameras enhancing safety particularly for women and vulnerable populations.
Quito,Transit-Oriented Development,A0918,2015/01,Ongoing,220,City-wide,Sustainable Land Management (Avoidance of Urban Sprawl),Strategic planning framework promoting high-density mixed-use residential and commercial development around metro and BRT stations concentrating urban growth along transport corridors reducing sprawl and building more resilient sustainable metropolitan environment.
Quito,Master Plan Sustainable Mobility,A0919,2022/01,2042/12,850,City-wide,Intelligent Traffic Control,Comprehensive twenty-year strategic framework with one hundred thirty-seven projects addressing sustainable transportation including improved traffic management public transport expansion active mobility infrastructure and emissions reduction aligned with climate goals.
Montreal,REM Light Rail Phase 1,A0920,2023/07,2027/12,6900,City-wide,Expansion of Public Local Transport,Automated electric light rail transit system spanning sixty-seven kilometers connecting downtown airport South Shore West Island and North Shore with twenty-six climate-controlled stations operating twenty hours daily reducing commute times significantly and cutting greenhouse gas emissions.
Montreal,BIXI Bike Share Expansion,A0921,2009/05,Ongoing,120,City-wide,Alternative Drive Systems and Sharing Offers,North America's first large-scale bicycle sharing system growing from three thousand bikes in three hundred stations to over eleven thousand bikes including twenty-six hundred electric bikes across more than nine hundred stations serving metropolitan area with over eleven million annual trips.
Montreal,REV Express Cycling Network,A0922,2019/01,Ongoing,185,City-wide,Expansion of Bicycle Paths,High-quality express bike lanes creating protected cycling corridors on major arteries including seventeen-kilometer north-south axis along Saint-Denis and twelve-kilometer east-west route prioritizing cyclist safety comfort and speed for commuting.
Montreal,Cycling Infrastructure Program,A0923,2016/01,2024/12,240,City-wide,Expansion of Bicycle Paths,Comprehensive expansion adding over three hundred kilometers to cycling network achieving one thousand seventy-eight total kilometers by twenty twenty-four including year-round maintained paths transforming Montreal into North America's most bike-friendly city.
Montreal,STM Electric Bus Fleet,A0924,2019/01,2040/12,1200,City-wide,Alternative Drive Systems and Sharing Offers,Progressive transition program targeting one hundred percent zero-emission bus fleet by twenty forty with hundreds of electric buses already deployed reducing operational emissions fuel costs and noise pollution across entire public transit network.
Montreal,Metro Blue Line Extension,A0925,2020/01,Ongoing,6000,City-wide,Expansion of Public Local Transport,Major extension adding five stations eastward from Saint-Michel to Anjou covering nearly six kilometers serving eighty thousand daily passengers reducing car dependency improving access to underserved neighborhoods and cutting regional greenhouse gas emissions.
Montreal,Climate Plan Transport Strategy,A0926,2020/01,2030/12,885,City-wide,Intelligent Traffic Control,Comprehensive framework with forty-six measures targeting fifty percent reduction in road transportation emissions through modal shift electrification transit-oriented development and creation of human-scale fifteen-minute neighborhoods adapted to climate change.
Montreal,Pedestrian Priority Streets,A0927,2018/01,Ongoing,65,Medium (District/Corridor),Expansion of Pedestrian Paths,Systematic conversion of streets to pedestrian priority zones expanding walkable areas by forty-two percent between twenty twelve and twenty sixteen creating one hundred seven hectares of pedestrian-first spaces reducing car dominance and improving urban livability.
Montreal,Green Space Development,A0928,2012/01,2022/12,280,City-wide,Green Infrastructure (Carbon Sinks),Strategic addition of two hundred forty-six hectares of green space throughout city enhancing carbon sequestration improving air quality providing climate adaptation infrastructure and creating recreational areas for residents while supporting urban biodiversity.
Montreal,Transit-Oriented Development,A0929,2015/01,Ongoing,450,City-wide,Sustainable Land Management (Avoidance of Urban Sprawl),Integrated land-use planning promoting high-density mixed-use development around REM stations and metro corridors transforming large parking lots into housing and parks reducing sprawl encouraging sustainable travel patterns and supporting climate resilience.
Montreal,Shared Micromobility Program,A0930,2020/01,Ongoing,18,City-wide,Alternative Drive Systems and Sharing Offers,Introduction of e-scooter and e-bike sharing services providing sustainable convenient alternatives for short trips with regulated parking zones integrated fare systems and expansion of charging infrastructure supporting first-last mile connectivity.
Hamburg,U-Bahn Network Expansion,A0931,2012/01,2023/12,850,City-wide,Expansion of Public Local Transport,Progressive modernization and extension of metro system with partial automation on U2 and U4 lines maximizing capacity by up to fifty percent while planning fully automated U5 line adding twenty-four kilometers powered entirely by renewable energy.
Hamburg,S-Bahn Electrification Program,A0932,2018/01,Ongoing,320,City-wide,Expansion of Public Local Transport,Comprehensive electrification of suburban rail network with one hundred percent renewable energy operations since twenty eighteen for Hamburg S-Bahn reducing emissions improving service frequency and supporting regional climate neutrality goals.
Hamburg,Bike Plus Ride Initiative,A0933,2019/01,2024/12,95,City-wide,Expansion of Bicycle Paths,Partnership program creating over four hundred new bicycle parking spaces at four Hamburg stations including covered facilities charging stations for e-bikes repair workbenches and changing rooms facilitating multimodal sustainable commuting.
Hamburg,StadtRAD Bike Share,A0934,2009/01,Ongoing,45,City-wide,Alternative Drive Systems and Sharing Offers,Comprehensive bicycle sharing system with thousands of bikes and hundreds of docking stations throughout city including cargo bikes and electric pedelecs integrated with public transport network providing affordable sustainable mobility for short trips.
Hamburg,Cycling Master Plan Implementation,A0935,2010/01,2023/12,280,City-wide,Expansion of Bicycle Paths,Strategic framework establishing interconnected cycling corridors dedicated lanes and bicycle parking facilities achieving measurable increase in cycling modal share through infrastructure investments and promotional campaigns demonstrating innovative approach recognized internationally.
Hamburg,Call a Bike Service,A0936,2015/01,Ongoing,28,City-wide,Alternative Drive Systems and Sharing Offers,Deutsche Bahn operated bike sharing with cargo bikes featuring electric drives capable of carrying sixty kilograms using solar-powered smart docking stations with QR code access providing climate-friendly transportation for diverse urban mobility needs.
Hamburg,Green Transport Stations,A0937,2013/01,Ongoing,125,City-wide,Intelligent Traffic Control,Integrated mobility hubs combining public transport bicycle facilities car-sharing and ride-matching services at strategic locations enabling seamless multimodal journeys reducing private car dependency and optimizing urban transport efficiency.
Hamburg,Pedestrian Zone Expansion,A0938,2015/01,Ongoing,75,Medium (District/Corridor),Expansion of Pedestrian Paths,Systematic expansion of car-free pedestrian areas throughout city center and neighborhoods creating safer more attractive walkable environments reducing vehicle traffic improving air quality and enhancing quality of urban life.
Hamburg,Station Sustainability Program,A0939,2020/01,2024/12,42,City-wide,Energy-efficient Building Refurbishment,Transformation of station buildings using sustainable materials including Little Green Station concept with natural wood from northern Bavaria saving fifty percent carbon emissions during construction featuring improved lighting and renewable heating systems.
Hamburg,Hamburg-Takt Climate Plan,A0940,2020/01,2050/12,5200,City-wide,Intelligent Traffic Control,Comprehensive framework targeting net zero emissions by twenty fifty with transport sector providing nearly half of required carbon dioxide savings through electrification modal shift infrastructure improvements and integrated mobility management.
Hamburg,Green Infrastructure Strategy,A0941,2014/01,Ongoing,185,City-wide,Green Infrastructure (Carbon Sinks),Strategic implementation of urban greening including street trees green roofs ecological corridors and biodiverse spaces throughout metropolitan area enhancing carbon sequestration improving stormwater management and providing climate adaptation infrastructure.
Phoenix,South Central Light Rail Extension,A0942,2019/03,2025/06,1080,City-wide,Expansion of Public Local Transport,Five-point-five-mile extension with eight new stations creating first two-line rail system connecting historically underserved South Phoenix neighborhoods with downtown adding over eight thousand daily riders and including enhanced bike lanes pedestrian paths and shade structures.
Phoenix,Transportation 2050 Program,A0943,2016/01,Ongoing,4850,City-wide,Expansion of Public Local Transport,Comprehensive thirty-five-year voter-approved plan tripling light rail miles expanding bus service implementing one hundred thirty-five miles of new sidewalks and over ten thousand ADA ramps transforming citywide street and transit infrastructure.
Phoenix,Northwest Light Rail Extension,A0944,2016/01,2024/03,1420,City-wide,Expansion of Public Local Transport,Extension bringing total light rail network to thirty miles connecting northwest Phoenix communities with downtown and existing lines improving regional connectivity reducing car dependency and supporting transit-oriented development along corridor.
Phoenix,Active Transportation Network,A0945,2016/01,Ongoing,240,City-wide,Expansion of Bicycle Paths,Integrated program creating connected bicycle infrastructure network throughout city including dedicated lanes shared streets and bike parking facilities supporting Phoenix Connected Active Neighborhoods initiative to enhance equity safety and accessibility.
Phoenix,Pedestrian Infrastructure Program,A0946,2016/01,2024/12,380,City-wide,Expansion of Pedestrian Paths,Massive sidewalk construction adding one hundred thirty-five miles of new pedestrian pathways installing over ten thousand ADA-compliant ramps improving crossings with traffic signals and implementing Vision Zero safety measures citywide.
Phoenix,Shared Micromobility Launch,A0947,2019/01,Ongoing,12,City-wide,Alternative Drive Systems and Sharing Offers,Introduction of shared e-scooter and e-bike programs providing sustainable convenient alternatives for short trips connecting residents with transit stations and destinations through regulated pilot programs and permanent service frameworks.
Phoenix,Park and Ride Facilities,A0948,2020/01,2024/12,85,City-wide,Expansion of Public Local Transport,Development of new park-and-ride facilities at key transit hubs including Baseline Road Central Avenue location with hundreds of spaces enabling suburban commuters to access light rail system reducing single-occupancy vehicle trips.
Phoenix,Street Lighting Safety Program,A0949,2017/01,2023/12,95,City-wide,Expansion of Pedestrian Paths,Installation of two thousand new energy-efficient LED street lights throughout city improving pedestrian safety in previously underlit areas supporting evening active transportation and reducing energy consumption while enhancing neighborhood security.
Phoenix,Transit Signal Priority,A0950,2018/01,Ongoing,45,City-wide,Intelligent Traffic Control,Implementation of intelligent traffic management systems providing priority signaling for buses and light rail vehicles reducing delays improving schedule reliability enhancing passenger experience and encouraging modal shift from private vehicles.
Phoenix,Desert Landscaping Initiative,A0951,2019/01,Ongoing,68,City-wide,Green Infrastructure (Carbon Sinks),Strategic planting of over five hundred fifty drought-adapted native trees and vegetation along South Central Extension and throughout corridors providing shade reducing urban heat island effect sequestering carbon and supporting climate resilience.
Phoenix,Transit-Oriented Development,A0952,2017/01,Ongoing,650,City-wide,Sustainable Land Management (Avoidance of Urban Sprawl),Strategic planning framework promoting mixed-use high-density development around light rail stations concentrating growth along transit corridors reducing sprawl shortening commute distances and supporting sustainable travel patterns.
Barcelona,Urban Mobility Plan 2019-2024,A0953,2019/01,2024/12,850,City-wide,Intelligent Traffic Control,Comprehensive framework with sixty-two action lines and three hundred measures targeting eighty percent sustainable mode share prioritizing pedestrians cyclists and public transport through integrated planning safe mobility and equity objectives.
Barcelona,TMB Metro Network Expansion,A0954,2014/01,2024/12,2400,City-wide,Expansion of Public Local Transport,Progressive metro expansion adding Line 9 central section ninety-six new trains two stations in Badalona two in Esplugues and accessibility improvements achieving one hundred percent accessible stations by twenty twenty-four with renewable energy operations.
Barcelona,Superblocks Program,A0955,2016/01,2023/12,280,City-wide,Expansion of Pedestrian Paths,Transformative urban reconfiguration restricting car traffic in residential neighborhoods creating single-platform streets prioritizing pedestrians reducing vehicle use by twenty percent cutting nitrogen dioxide by twenty-five percent and improving livability.
Barcelona,Bicing Bike Share Expansion,A0956,2007/01,Ongoing,85,City-wide,Alternative Drive Systems and Sharing Offers,Comprehensive bicycle sharing system with thousands of bikes at hundreds of stations throughout city integrating mechanical and electric bikes providing affordable sustainable mobility complementing metro and bus networks for first-last mile connections.
Barcelona,Cycling Network Development,A0957,2010/01,2024/12,320,City-wide,Expansion of Bicycle Paths,Strategic expansion creating over three hundred kilometers of cycling infrastructure including protected lanes connections with regional network improved traffic signaling for cyclists and enhanced parking facilities supporting ambitious sustainable mobility goals.
Barcelona,30 km/h Speed Limits,A0958,2020/01,2021/12,15,City-wide,Expansion of Pedestrian Paths,Citywide implementation of thirty kilometers per hour speed restrictions across most streets improving pedestrian safety reducing traffic fatalities creating more livable urban spaces and encouraging shift from private vehicles to active mobility.
Barcelona,Low Emission Zone,A0959,2020/01,Ongoing,125,City-wide,Intelligent Traffic Control,Progressive implementation of vehicle access restrictions in central areas based on emission standards complemented by parking strategy measures driving modal shift to public transport cycling and walking while improving air quality citywide.
Barcelona,TMB Electric Bus Fleet,A0960,2018/01,2030/12,580,City-wide,Alternative Drive Systems and Sharing Offers,Systematic transition to zero-emission bus fleet targeting one hundred percent clean energy buses reducing carbon dioxide emissions by seventeen thousand tonnes annually improving air quality and supporting climate neutrality objectives.
Barcelona,Green Infrastructure Expansion,A0961,2016/01,2023/12,240,City-wide,Green Infrastructure (Carbon Sinks),Strategic urban greening transforming car-dominated streets into green spaces adding trees creating pocket parks and implementing green roofs increasing vegetation cover enhancing carbon sequestration and providing climate adaptation infrastructure.
Barcelona,Transit Signal Priority System,A0962,2017/01,Ongoing,48,City-wide,Intelligent Traffic Control,Implementation of intelligent traffic management providing priority signaling for buses and cyclists improving public transport punctuality reducing delays enhancing service reliability and encouraging modal shift through improved user experience.
Barcelona,Metropolitan Integration Plan,A0963,2015/01,Ongoing,420,City-wide,Sustainable Land Management (Avoidance of Urban Sprawl),Coordinated planning framework integrating transport land use and housing policies across metropolitan area promoting compact development around transit nodes preventing sprawl and fostering sustainable urban growth patterns.
Philadelphia,Indego Bike Share Launch,A0964,2015/04,Ongoing,45,City-wide,Alternative Drive Systems and Sharing Offers,Launch of comprehensive bicycle sharing system starting with sixty stations and six hundred bikes expanding to over one hundred eighty stations and three thousand bikes including electric bikes providing affordable sustainable transportation integrated with SEPTA network serving over eight million rides.
Philadelphia,Protected Bike Lane Expansion,A0965,2017/01,2025/12,120,City-wide,Expansion of Bicycle Paths,Strategic development of separated bicycle infrastructure achieving over thirty-nine lane miles of protected bike lanes with Vision Zero goal of forty total miles by twenty twenty-five creating safer cycling environment and supporting highest bicycle commuting rate among large US cities.
Philadelphia,Pedestrian and Bicycle Plan,A0966,2012/01,Ongoing,85,City-wide,Expansion of Bicycle Paths,First comprehensive pedestrian plan and update to bicycle network plan completed in two thousand implementing over two hundred miles of bike lanes and addressing infrastructure needs in Center City South North and Northwest Philadelphia promoting active transportation equity.
Philadelphia,Vision Zero Action Plan,A0967,2017/01,Ongoing,125,City-wide,Expansion of Pedestrian Paths,Comprehensive traffic safety initiative targeting elimination of traffic fatalities and serious injuries through infrastructure improvements pedestrian crossings enhanced signals traffic calming and data-driven interventions prioritizing equity and vulnerable road users.
Philadelphia,Complete Streets Program,A0968,2009/01,Ongoing,280,City-wide,Expansion of Pedestrian Paths,Policy framework directing all City departments to design streets balancing needs of pedestrians bicyclists transit users and drivers implementing projects like Walnut Street repaving with parking-separated bike lanes and pedestrian safety islands along Chestnut Street.
Philadelphia,SEPTA Regional Rail Network,A0969,2000/01,Ongoing,3500,City-wide,Expansion of Public Long-Distance Transport,Extensive regional rail system with thirteen lines covering two thousand two hundred square miles stretching from Trenton New Jersey to Wilmington Delaware serving vast suburban ring connecting residents with Center City reducing single-occupancy vehicle trips.
Philadelphia,SEPTA Trolley Modernization,A0970,2020/01,Ongoing,650,City-wide,Expansion of Public Local Transport,Major upgrade program replacing aging trolley fleet with modern accessible vehicles constructing new stations with shelters seating and real-time information improving operational efficiency reliability and passenger experience across trolley routes transforming service quality.
Philadelphia,Green City Clean Waters Program,A0971,2011/01,Ongoing,2400,City-wide,Green Infrastructure (Carbon Sinks),Innovative stormwater management initiative implementing green infrastructure throughout city including rain gardens bioswales green roofs and permeable pavements managing nine billion gallons of stormwater annually while enhancing urban greening and carbon sequestration.
Philadelphia,Transit-Oriented Development,A0972,2015/01,Ongoing,420,City-wide,Sustainable Land Management (Avoidance of Urban Sprawl),Strategic planning framework promoting high-density mixed-use development around regional rail stations and transit corridors concentrating growth reducing sprawl and encouraging sustainable travel patterns through coordinated land use and transportation planning.
Philadelphia,Schuylkill River Trail Extension,A0973,2015/01,2023/12,95,City-wide,Expansion of Pedestrian Paths,Major expansion of multi-use trail along Schuylkill River connecting neighborhoods parks and employment centers providing safe separated active transportation corridor for walking and cycling supporting recreation commuting and healthy lifestyles.
Philadelphia,Safe Routes to School Program,A0974,2016/01,Ongoing,35,City-wide,Expansion of Pedestrian Paths,Comprehensive initiative improving pedestrian and bicycle infrastructure around schools implementing traffic calming measures enhanced crossings and safety education encouraging students to walk and bike to school reducing vehicle trips and promoting healthy habits.
Auckland,City Rail Link Construction,A0975,2016/01,2026/01,5493,City-wide,Expansion of Public Local Transport,New Zealand's largest transport infrastructure project comprising three-point-four-five-kilometer twin tunnels up to forty-two meters deep with two new underground stations transforming Britomart into through-station doubling rail capacity enabling frequent integrated service reducing emissions.
Auckland,Electric Train Fleet Deployment,A0976,2014/01,2015/12,850,City-wide,Alternative Drive Systems and Sharing Offers,Complete replacement of diesel fleet with modern electric multiple units across entire Auckland rail network powered by renewable energy improving service frequency reliability passenger comfort and significantly reducing operational emissions and noise pollution.
Auckland,Northern Busway Extension,A0977,2013/01,2022/12,280,Medium (District/Corridor),Expansion of Public Local Transport,Dedicated bus rapid transit corridor extending north from city center with grade-separated stations park-and-ride facilities and priority signaling providing fast reliable public transport reducing congestion and connecting growing northern suburbs with employment centers.
Auckland,Cycling Infrastructure Program,A0978,2015/01,2023/12,185,City-wide,Expansion of Bicycle Paths,Strategic development of separated cycling network throughout city including urban cycleways connecting neighborhoods with CBD improved intersections dedicated signals and bike parking facilities supporting modal shift and Vision Zero safety objectives.
Auckland,Pedestrian Access Improvements,A0979,2016/01,Ongoing,92,City-wide,Expansion of Pedestrian Paths,Comprehensive enhancement of pedestrian infrastructure around transit stations and city center including widened footpaths improved crossings accessibility upgrades and safer connections supporting first-last mile connectivity and walkability objectives.
Auckland,CRL Transit-Oriented Development,A0980,2018/01,Ongoing,1200,City-wide,Sustainable Land Management (Avoidance of Urban Sprawl),Strategic planning framework promoting high-density mixed-use development around new underground stations and rail corridors unlocking residential capacity shortening travel distances reducing sprawl and supporting compact sustainable urban growth patterns.
Auckland,Climate Emergency Declaration,A0981,2019/06,Ongoing,350,City-wide,Intelligent Traffic Control,Council declaration establishing urgent climate action framework with comprehensive transport sector interventions targeting emissions reduction through public transport expansion active mobility infrastructure and integrated land use planning supporting regional climate goals.
Auckland,Green Infrastructure Strategy,A0982,2017/01,Ongoing,145,City-wide,Green Infrastructure (Carbon Sinks),Implementation of urban greening initiatives including street tree planting ecological corridors green roofs and biodiverse spaces throughout metropolitan area enhancing carbon sequestration improving stormwater management providing climate adaptation infrastructure.
Auckland,AT Metro Bus Network,A0983,2016/01,Ongoing,420,City-wide,Expansion of Public Local Transport,Comprehensive redesign of bus network creating frequent connected services integrated with rail system establishing cross-town routes reducing transfer times and improving service reliability encouraging modal shift from private vehicles.
Auckland,Park and Ride Facilities,A0984,2015/01,2023/12,125,City-wide,Expansion of Public Local Transport,Strategic development of park-and-ride facilities at rail stations and busway terminals providing thousands of parking spaces enabling suburban commuters to access public transport reducing single-occupancy vehicle trips into city center.
Auckland,Shared Mobility Integration,A0985,2020/01,Ongoing,28,City-wide,Alternative Drive Systems and Sharing Offers,Introduction of regulated e-scooter and e-bike sharing services integrated with public transport network providing sustainable convenient alternatives for short trips supporting first-last mile connectivity and reducing dependence on private vehicles.
München,U-Bahn Network Expansion,A0986,2010/01,2023/12,2400,City-wide,Expansion of Public Local Transport,Progressive modernization and extension of metro system with eight lines ninety-six stations covering ninety-five kilometers carrying four hundred fifty-two million annual passengers with partial automation on U2 and U4 lines maximizing capacity and efficiency.
München,U5 Extension to Pasing,A0987,2015/07,Ongoing,1300,City-wide,Expansion of Public Local Transport,Major extension approved to relieve overburdened tram and bus routes connecting Laimer Platz with Pasing via two new stations enabling connections between Hauptbahnhof and both west and east termini providing regional and long-distance rail integration.
München,Cycling Network Development,A0988,2010/01,2023/12,240,City-wide,Expansion of Bicycle Paths,Strategic expansion creating over one thousand two hundred kilometers of cycling infrastructure achieving eighteen percent modal share highest among large German cities with dedicated lanes contraflow streets bicycle streets and enhanced parking facilities.
München,MVG-Rad Bike Share,A0989,2015/01,Ongoing,45,City-wide,Alternative Drive Systems and Sharing Offers,Comprehensive bicycle sharing system operated by Nextbike with special tariffs for public transport users providing rental bikes at stations throughout central area integrated with MVV network supporting multimodal sustainable mobility.
München,Call a Bike Cargo Service,A0990,2015/01,Ongoing,18,City-wide,Alternative Drive Systems and Sharing Offers,Deutsche Bahn operated bike sharing featuring cargo bikes with electric drives capable of carrying sixty kilograms using solar-powered smart docking stations providing climate-friendly transportation for diverse urban mobility needs.
München,Gscheid Mobil Program,A0991,2006/01,Ongoing,85,City-wide,Intelligent Traffic Control,Comprehensive mobility management initiative supporting citizens in individual mobility planning promoting environmentally friendly transport addressing different life stages and target groups achieving measurable reduction in car traffic and carbon dioxide emissions.
München,S-Bahn Electrification,A0992,2018/01,Ongoing,320,City-wide,Expansion of Public Local Transport,Complete electrification of suburban rail network operating with one hundred percent renewable energy since twenty eighteen improving service frequency reliability and supporting regional climate neutrality goals while connecting metropolitan area efficiently.
München,Low Emission Zone Extension,A0993,2023/01,Ongoing,45,City-wide,Intelligent Traffic Control,Expansion of restricted access area banning diesel cars not meeting exhaust standards from city center improving air quality reducing emissions and encouraging modal shift to public transport cycling and walking supporting climate action objectives.
München,Mobility Strategy 2035,A0994,2020/01,2035/12,850,City-wide,Intelligent Traffic Control,Ambitious framework dedicating eighty percent of roadways to bicycles public transport and electric vehicles including new cycle roads connecting center to outskirts and mobility data initiative improving shared mobility efficiency convenience accessibility.
München,Pedestrian Zone Expansion,A0995,2015/01,Ongoing,125,Medium (District/Corridor),Expansion of Pedestrian Paths,Systematic expansion of car-free pedestrian areas throughout city center and neighborhoods creating safer more attractive walkable environments reducing vehicle traffic improving air quality with Old Town for All initiative extending toward Isartor and Tal.
München,Green Infrastructure Initiative,A0996,2014/01,Ongoing,180,City-wide,Green Infrastructure (Carbon Sinks),Strategic implementation of urban greening including street trees green roofs ecological corridors and biodiverse spaces throughout metropolitan area enhancing carbon sequestration improving stormwater management and providing climate adaptation infrastructure.
Maskat,National Spatial Strategy,A0997,2020/01,2040/12,650,City-wide,Sustainable Land Management (Avoidance of Urban Sprawl),Comprehensive framework guiding sustainable development incorporating climate adaptation and mitigation measures into new developments anticipating climate change impacts promoting compact growth transit-oriented development and efficient resource use for energy transition.
Maskat,Public Bus Network Enhancement,A0998,2016/01,Ongoing,48,City-wide,Expansion of Public Local Transport,Government initiative increasing bus fleet from thirty-six buses with twenty-eight inter-city routes plus four hundred school buses expanding service to reduce traffic congestion road accidents and carbon dioxide emissions addressing car-dominated mobility patterns.
Maskat,Metro Pre-Feasibility Study,A0999,2024/01,Ongoing,8,City-wide,Expansion of Public Local Transport,Comprehensive study for proposed fifty-five-kilometer metro line with forty-two stations connecting Sultan Haitham City with Ruwi commercial hub serving projected catchment areas within five to ten minutes supporting transformation from car-centric development.
Maskat,Greater Structure Plan,A1000,2024/01,2040/12,2600,City-wide,Sustainable Land Management (Avoidance of Urban Sprawl),Strategic masterplan creating central fifty-five-kilometer spine for future development providing map for growth establishing housing rules outlining green recreational spaces and designating new communities supporting doubling population while maintaining low-rise character.
Maskat,Green Mobility Strategy,A1001,2023/01,2028/12,125,City-wide,Intelligent Traffic Control,Ministry of Transport framework enhancing public transport routes introducing diverse mobility options improving connectivity developing walking and cycling networks and promoting last-mile solutions to address car-dominated patterns and climate conditions.
Maskat,Shaded Walkway Program,A1002,2018/01,Ongoing,35,City-wide,Expansion of Pedestrian Paths,Implementation of climate-responsive pedestrian infrastructure providing enjoyable walking environments with shaded walkways arcades stairways street connectivity crossing signs and street trees mitigating harsh climate conditions and encouraging active mobility.
Maskat,Electric Vehicle Infrastructure,A1003,2020/01,Ongoing,45,City-wide,Alternative Drive Systems and Sharing Offers,Development of charging station network and promotion of zero-emission vehicles aligned with Vision 2040 climate neutrality targets addressing barriers to adoption improving air quality and catalyzing uptake of electric transport modes.
Maskat,Exclusive Bus Lane Planning,A1004,2023/01,Ongoing,22,Medium (District/Corridor),Expansion of Public Local Transport,Proposed dedicated bus corridors enabling bypass of congestion during peak times reducing journey timeframes increasing user satisfaction and making public transport more competitive with private vehicles supporting modal shift objectives.
Maskat,Compact Neighborhood Initiative,A1005,2022/01,Ongoing,180,City-wide,Sustainable Land Management (Avoidance of Urban Sprawl),Strategic transformation proposal dividing sprawling areas into compact walkable neighborhoods with five to ten minute walking distances to livable centers featuring mixed-use buildings accommodating daily needs reducing car dependency promoting sustainable lifestyles.
Maskat,Transit-Oriented Development,A1006,2023/01,Ongoing,420,City-wide,Sustainable Land Management (Avoidance of Urban Sprawl),Planning framework promoting regeneration along proposed metro route with half of catchment area undergoing transformation supporting greenfield developments higher-density mixed-use projects and sustainable growth patterns reducing sprawl.
Maskat,Climate Resilience Planning,A1007,2020/01,Ongoing,85,City-wide,Green Infrastructure (Carbon Sinks),National Strategy for Adaptation and Mitigation incorporating climate-sensitive urban design green infrastructure renewable energy integration and resilient development addressing temperature increases tropical cyclones and extreme weather supporting Vision 2040 sustainability goals.
San Diego,Mid-Coast Trolley Blue Line Extension,A1008,2016/09,2021/11,2170,City-wide,Expansion of Public Local Transport,Extended light rail trolley system from Old Town to University City connecting major employment and education centers providing zero-emission transit access.
San Diego,South Bay Rapid Transit Route,A1009,2019/01,2019/01,45,Medium (District/Corridor),Expansion of Public Local Transport,Implemented 26-mile rapid transit bus route connecting Otay Mesa Border to Downtown San Diego serving South Bay communities with frequent service.
San Diego,Rose Canyon Bike Path Realignment,A1010,2016/09,2021/11,25,Medium (District/Corridor),Expansion of Bicycle Paths,Reconstructed and realigned multi-use path concurrent with trolley construction improving connectivity for cyclists and pedestrians.
San Diego,Coastal Rail Trail Segments,A1011,2014/01,2018/12,15,Medium (District/Corridor),Expansion of Bicycle Paths,Built multiple segments of Class I bicycle and pedestrian paths along coastal corridor connecting beach communities from Oceanside to Encinitas.
San Diego,Park Boulevard Separated Bikeway,A1012,2020/01,2023/12,12,Medium (District/Corridor),Expansion of Bicycle Paths,Constructed protected bike lanes through Balboa Park from Adams Avenue to University Avenue with transit improvements creating safe cycling corridor.
San Diego,Mission Bay Bike Lane Network,A1013,2020/05,2020/05,8,Medium (District/Corridor),Expansion of Bicycle Paths,Added 5 miles of buffered and standard bike lanes around Mission Bay connecting Ocean Beach Point Loma and Pacific Beach communities.
San Diego,Market Street Complete Streets,A1014,2021/01,2023/12,18,Medium (District/Corridor),Expansion of Pedestrian Paths,Developed over 2 miles of Class IV protected bike lanes wider sidewalks medians and street trees in Encanto neighborhood improving walkability.
San Diego,University Avenue Roundabouts,A1015,2022/01,2024/12,14,Medium (District/Corridor),Expansion of Pedestrian Paths,Created three roundabouts with Class II bike lanes and widened sidewalks improving safety for all travel modes in City Heights supporting Vision Zero goals.
San Diego,14th Street Pedestrian Promenade,A1016,2018/01,2019/12,1,Pilot,Expansion of Pedestrian Paths,Constructed first block of pedestrian promenade adjacent to Police Headquarters creating 30-foot wide linear park by eliminating parking and narrowing travel lanes.
San Diego,TransNet Bicycle Infrastructure Program,A1017,2008/01,Ongoing,150,City-wide,Expansion of Bicycle Paths,Regional program allocating 2 percent of annual revenues to bicycle pedestrian and neighborhood safety building over 1800 miles of bikeways across region.
San Diego,Zero Emission Bus Fleet Transition,A1018,2019/01,Ongoing,85,City-wide,Alternative Drive Systems and Sharing Offers,Metropolitan Transit System transitioning from conventional buses to zero-emission electric bus system reducing emissions from public transportation fleet.
San Diego,Climate Action Plan Building Decarbonization,A1019,2020/01,Ongoing,45,City-wide,Energy-efficient Building Refurbishment,Implemented policies and programs for energy efficiency building electrification and renewable energy in existing buildings targeting 25 percent emissions reduction.
San Diego,Green Building Incentive Program,A1020,2015/01,Ongoing,5,City-wide,Energy-efficient Building Refurbishment,County voluntary program offering streamlined permitting and reduced fees for green building practices exceeding state code requirements for resource conservation.
San Diego,Area B Low Emission Zone,A1021,2022/10,Ongoing,8,City-wide,Intelligent Traffic Control,Restricted traffic zone banning most polluting diesel vehicles from city center reducing nitrogen oxide emissions and improving air quality.
San Diego,TransNet Smart Growth Initiatives,A1022,2008/01,Ongoing,200,City-wide,Sustainable Land Management (Avoidance of Urban Sprawl),Regional program supporting transit-oriented development smart growth corridors and compact urban form to reduce vehicle miles traveled.
San Diego,Environmental Mitigation Program,A1023,2008/01,Ongoing,120,City-wide,Green Infrastructure (Carbon Sinks),TransNet funded program acquiring and restoring over 9215 acres across 40 sites for habitat preservation and carbon sequestration supporting regional biodiversity.
Guadalajara,MiBici Bike Share System,A1024,2014/12,Ongoing,15,City-wide,Alternative Drive Systems and Sharing Offers,Launched public bike-sharing system with over 240 stations providing sustainable first and last mile connectivity becoming one of Latin America's largest systems.
Guadalajara,Mi Macro BRT Line 3,A1025,2017/09,2020/09,580,City-wide,Expansion of Public Local Transport,Constructed 21-kilometer bus rapid transit line with dedicated lanes modern stations and articulated buses moving 130000 passengers daily with reduced emissions.
Guadalajara,Via Recreactiva Cycling Program,A1026,2010/01,Ongoing,2,City-wide,Expansion of Bicycle Paths,Weekly car-free streets program closing major avenues every Sunday for cycling and walking promoting active transportation and building cycling culture.
Guadalajara,Historic Center Bicycle Infrastructure,A1027,2015/01,2020/12,45,Medium (District/Corridor),Expansion of Bicycle Paths,Developed 253 kilometers of exclusive bicycle lanes across metropolitan area prioritizing downtown corridors with protected infrastructure and wayfinding.
Guadalajara,Historic Center Pedestrianization,A1028,2018/01,2023/12,35,Medium (District/Corridor),Expansion of Pedestrian Paths,Transformed 2 square kilometer historic center into pedestrian priority zone with widened sidewalks plazas and reduced vehicle access improving walkability.
Guadalajara,Low Emission Zone Implementation,A1029,2023/01,2024/01,12,Medium (District/Corridor),Intelligent Traffic Control,Established Mexico's first low emission zone in historic center restricting polluting vehicles with 30 km per hour speed limits prioritizing pedestrians and cyclists.
Guadalajara,Smart Intersection Control System,A1030,2019/01,2022/12,28,City-wide,Intelligent Traffic Control,Deployed intelligent traffic signal system optimizing flow and reducing congestion at key intersections improving efficiency and reducing idling emissions.
Guadalajara,PACmetro Climate Action Plan,A1031,2020/01,Ongoing,450,City-wide,Sustainable Land Management (Avoidance of Urban Sprawl),Metropolitan climate plan steering development toward urban cores and transit corridors reducing car-dependent sprawl winning UN Global Climate Action Award.
Guadalajara,Green Industrial Parks Initiative,A1032,2018/01,Ongoing,75,City-wide,Green Infrastructure (Carbon Sinks),Partnership with industrial sector creating parks following sustainability standards including green spaces smart water usage and energy-efficient infrastructure.
Guadalajara,Metropolitan Reforestation Program,A1033,2019/01,Ongoing,18,City-wide,Green Infrastructure (Carbon Sinks),Urban tree planting and green space expansion program increasing vegetation cover reducing heat island effects and improving air quality across metropolitan area.
Guadalajara,Light Rail Line 3 Modernization,A1034,2018/01,2020/09,220,City-wide,Expansion of Public Local Transport,Upgraded existing light rail infrastructure with modern trains improved stations and increased frequency providing clean electric transit alternative to private vehicles.
Guadalajara,Sustainable Mobility Master Plan,A1035,2016/01,Ongoing,95,City-wide,Expansion of Public Local Transport,Comprehensive integrated mobility plan incorporating climate change land use and non-motorized transport promoting modal shift and reducing emissions.
Guadalajara,Transit-Oriented Development Zones,A1036,2017/01,Ongoing,140,City-wide,Sustainable Land Management (Avoidance of Urban Sprawl),Designated mixed-use development areas around transit stations increasing density near public transport reducing sprawl and vehicle dependency.
Guadalajara,Public Building Energy Retrofits,A1037,2019/01,Ongoing,32,City-wide,Energy-efficient Building Refurbishment,Retrofitted government buildings with energy-efficient systems LED lighting improved insulation and renewable energy reducing municipal operational emissions.
Milan,M4 Metro Blue Line,A1038,2015/01,2024/01,2600,City-wide,Expansion of Public Local Transport,Constructed new driverless metro line serving 24000 passengers per hour connecting eastern suburbs to city center with 21 stations shifting travelers from cars.
Milan,BikeMi Expansion Program,A1039,2008/01,2023/12,45,City-wide,Alternative Drive Systems and Sharing Offers,Expanded bike-sharing system to over 400 stations and 5000 bikes including e-bikes becoming one of Europe's largest urban bike-share networks.
Milan,Cambio Biciplan Cycle Highways,A1040,2021/11,Ongoing,250,City-wide,Expansion of Bicycle Paths,Approved metropolitan cycling plan to construct 750 kilometers of protected bike lanes by 2035 creating comprehensive segregated network exceeding Paris.
Milan,30 km/h Zone Implementation,A1041,2022/01,2024/01,15,City-wide,Intelligent Traffic Control,Established citywide 30 kilometer per hour speed limit zones reducing traffic speeds improving pedestrian and cyclist safety while decreasing emissions.
Milan,Area C Congestion Charge Zone,A1042,2012/01,Ongoing,8,Medium (District/Corridor),Intelligent Traffic Control,Implemented charging zone in city center restricting polluting vehicles reducing traffic by 30 percent and improving air quality in downtown area.
Milan,Area B Low Emission Zone,A1043,2019/02,Ongoing,12,City-wide,Intelligent Traffic Control,Established emission standards for vehicle access across entire city banning most polluting diesels accelerating reduction in nitrogen dioxide and particulate matter.
Milan,ForestaMi Tree Planting Initiative,A1044,2019/01,Ongoing,95,City-wide,Green Infrastructure (Carbon Sinks),Public-private partnership planting 3 million trees across metropolitan area by 2030 enhancing carbon sequestration urban cooling and biodiversity with 500000 planted.
Milan,Public Building Energy Retrofit Program,A1045,2020/01,Ongoing,180,City-wide,Energy-efficient Building Refurbishment,Comprehensive refurbishment of public buildings installing 60000 square meters of photovoltaic panels heat pumps and insulation reducing fossil fuel use 50 percent.
Milan,Milano Transition Fund,A1046,2021/01,Ongoing,125,City-wide,Energy-efficient Building Refurbishment,Innovative financing mechanism using energy savings from building retrofits to fund capital costs supporting property owners in deep energy efficiency improvements.
Milan,Carbon Neutral Development Areas,A1047,2022/01,Ongoing,340,Medium (District/Corridor),Sustainable Land Management (Avoidance of Urban Sprawl),Designated urban transformation zones requiring net-zero emissions by 2030 for new construction and revitalization projects considering building lifecycle and mobility.
Milan,15-Minute City Planning Framework,A1048,2020/01,Ongoing,65,City-wide,Sustainable Land Management (Avoidance of Urban Sprawl),Adopted planning principle ensuring residents can access essential services within 15 minutes by walking or cycling reducing need for motorized transport.
Milan,Elevated Bike Lane Network,A1049,2020/01,2023/12,88,Medium (District/Corridor),Expansion of Bicycle Paths,Constructed elevated and protected bicycle lanes along major corridors physically separating cyclists from traffic with concrete barriers improving safety and encouraging use.
Milan,Transit Station Area Redevelopment,A1050,2016/01,2023/12,145,Medium (District/Corridor),Expansion of Pedestrian Paths,Transformed public spaces around M4 metro stations with pedestrian areas bicycle paths and green spaces creating car-free zones at Frattini San Babila and Tricolore stations.
Milan,Electric Bus Fleet Conversion,A1051,2019/01,Ongoing,420,City-wide,Alternative Drive Systems and Sharing Offers,Converting 1200-bus municipal fleet to electric vehicles with 250 zero-emission buses operational by 2023 and complete electrification targeted for 2030.
Milan,Limited Traffic Zone Expansion,A1052,2018/01,2023/12,22,City-wide,Expansion of Pedestrian Paths,Progressively expanded pedestrian-only and restricted vehicle zones in city center creating car-free streets plazas and shared spaces prioritizing walking.
Freetown,Freetown the TreeTown Initiative,A1053,2020/01,Ongoing,28,City-wide,Green Infrastructure (Carbon Sinks),Launched community tree planting program to plant 1 million trees addressing deforestation reducing flood and landslide risk through nature-based solutions.
Freetown,Transform Freetown Climate Action Plan,A1054,2019/01,Ongoing,85,City-wide,Sustainable Land Management (Avoidance of Urban Sprawl),Three-year integrated urban development plan addressing resilience human development health and mobility with climate adaptation and mitigation at center.
Freetown,Urban Reforestation Phase Two,A1055,2022/01,Ongoing,52,City-wide,Green Infrastructure (Carbon Sinks),Scaled tree planting initiative to restore mangrove forests protect water supply and plant 3.7 million trees by 2050 preventing infrastructure damage from natural hazards.
Freetown,E-Mobility Three-Wheeler Pilot,A1056,2024/01,Ongoing,8,Pilot,Alternative Drive Systems and Sharing Offers,Introduced 15 electric three-wheelers as pilot program with 30 percent women drivers reducing gasoline consumption air pollution and supporting gender inclusion.
Freetown,Mass Transit Cable Car System,A1057,2021/01,Ongoing,145,City-wide,Expansion of Public Local Transport,Planning climate-friendly cable car transit system to serve hillside communities providing green alternative to existing transport reducing emissions and improving access.
Freetown,Flood Mitigation Infrastructure,A1058,2018/01,Ongoing,34,City-wide,Green Infrastructure (Carbon Sinks),Invested in sanitation drainage and flood control systems including gutter clearance and waterway management reducing climate vulnerability in informal settlements.
Freetown,Coastal Mangrove Restoration,A1059,2020/01,Ongoing,18,Medium (District/Corridor),Green Infrastructure (Carbon Sinks),Restored coastal mangrove ecosystems protecting natural habitat preventing erosion and enhancing resilience to sea level rise and coastal flooding.
Freetown,Slum Upgrading Climate Program,A1060,2019/01,Ongoing,62,City-wide,Sustainable Land Management (Avoidance of Urban Sprawl),Integrated approach linking informal settlement upgrading with coastal regeneration creating climate-sensitive development trajectory for vulnerable communities.
Freetown,Western Peninsula Forest Protection,A1061,2020/01,Ongoing,25,City-wide,Green Infrastructure (Carbon Sinks),Restored and protected Western Area Peninsula Forest through enforcement building demolitions and sustainable land management preventing deforestation and erosion.
Freetown,Urban Farming Circular Economy,A1062,2020/01,Ongoing,8,City-wide,Green Infrastructure (Carbon Sinks),Developed urban agriculture projects in informal settlements providing tricycles for waste collection creating compost for community farming supporting circular economy.
Freetown,Public Space Water Infrastructure,A1063,2020/01,2021/12,4,City-wide,Green Infrastructure (Carbon Sinks),Installed over 100 water tanks with rainwater harvesting systems in communities health clinics and markets improving water access and conservation.
Freetown,Climate Resilient Road Network,A1064,2023/01,Ongoing,74,City-wide,Expansion of Public Local Transport,World Bank funded project enhancing climate-resilient transport infrastructure with improved roads bridges and all-season connectivity benefiting 1 million urban residents.
Freetown,Pedestrian Market Access Program,A1065,2022/01,Ongoing,15,Medium (District/Corridor),Expansion of Pedestrian Paths,Developed walkable market infrastructure and pedestrian connections improving access to agricultural markets and commercial centers supporting local economy.
Freetown,Energy Transition Green Growth Plan,A1066,2024/01,Ongoing,120,City-wide,Energy-efficient Building Refurbishment,National plan targeting 100 percent electrification by 2040 with focus on renewable energy building efficiency and reducing biomass dependence in urban areas.
Freetown,Healthcare Facility Electrification,A1067,2022/01,Ongoing,18,City-wide,Energy-efficient Building Refurbishment,Provided clean reliable electricity access to healthcare facilities homes and businesses through mini-grid projects and renewable energy systems improving service delivery.
Köln,GrowSmarter Stegerwald District,A1068,2015/01,2020/12,45,Medium (District/Corridor),Energy-efficient Building Refurbishment,Comprehensive refurbishment of residential buildings with energy-efficient insulation triple glazing photovoltaic systems heat pumps and battery storage reducing energy consumption and emissions.
Köln,E-Bike and CarSharing Expansion,A1069,2016/01,Ongoing,12,City-wide,Alternative Drive Systems and Sharing Offers,Introduced electric bike sharing and car-sharing services with shared parking facilities serving as model for citywide expansion improving sustainable mobility options.
Köln,KVB Light Rail Modernization,A1070,2010/01,2020/12,380,City-wide,Expansion of Public Local Transport,Operated twelve light rail lines with modern vehicles providing extensive public transport coverage throughout city reducing car dependency and emissions.
Köln,Cycling Infrastructure Network Expansion,A1071,2015/01,Ongoing,65,City-wide,Expansion of Bicycle Paths,Developed well-connected cycling network with dedicated bike lanes throughout city supported by bike rental services and safe parking infrastructure.
Köln,Climate Protection Concept KölnKlimaAktiv,A1072,2020/01,Ongoing,85,City-wide,Sustainable Land Management (Avoidance of Urban Sprawl),Comprehensive climate action plan targeting modal split reduction to 33 percent car traffic by 2025 prioritizing public transport walking and cycling.
Köln,Green Building Planning Guidelines,A1073,2019/01,Ongoing,8,City-wide,Sustainable Land Management (Avoidance of Urban Sprawl),Developed sustainable city planning guidelines integrating climate protection measures energy concepts and mobility strategies into early planning procedures for new developments.
Köln,Cologne Perspectives 2030 Urban Strategy,A1074,2018/01,2020/12,15,City-wide,Sustainable Land Management (Avoidance of Urban Sprawl),Integrated spatial development strategy promoting compact growth efficient land use transit-oriented development and preservation of open spaces for climate resilience.
Köln,Parkstadt Süd Development,A1075,2016/01,Ongoing,420,Medium (District/Corridor),Sustainable Land Management (Avoidance of Urban Sprawl),Large urban regeneration project creating mixed-use neighborhoods with inner green belt completion prioritizing sustainable transport and climate-adapted design.
Köln,Building Renovation Funding Program,A1076,2015/01,Ongoing,95,City-wide,Energy-efficient Building Refurbishment,Municipal funding program supporting building owners in implementing energy efficiency measures renewable energy systems and climate-friendly retrofits reducing fossil fuel dependence.
Köln,Green Infrastructure Climate Adaptation,A1077,2018/01,Ongoing,52,City-wide,Green Infrastructure (Carbon Sinks),Integrated urban green space development including green roofs courtyards multifunctional areas for rainfall absorption and urban climate improvement in dense areas.
Köln,Open Data Platform Integration,A1078,2017/01,2020/12,18,City-wide,Intelligent Traffic Control,Implemented smart city data platform integrating traffic management energy monitoring and mobility services enabling data-driven decisions for climate action.
Köln,RheinEnergie Renewable Energy Expansion,A1079,2015/01,Ongoing,240,City-wide,Energy-efficient Building Refurbishment,Partnership with municipal utility expanding renewable energy sources photovoltaic installations and district heating systems transitioning from fossil fuels.
Köln,Pedestrian Zone Historic Center,A1080,2012/01,2018/12,28,Medium (District/Corridor),Expansion of Pedestrian Paths,Enhanced pedestrian zones in city center creating car-free areas with improved walkability public spaces and connections to public transport hubs.
Köln,Charging Infrastructure Deployment,A1081,2018/01,Ongoing,35,City-wide,Alternative Drive Systems and Sharing Offers,Priority expansion of electric vehicle charging infrastructure across city supporting transition to zero-emission transport and alternative drive systems.
Köln,Köln-Kreuzfeld Climate District,A1082,2020/01,Ongoing,680,Medium (District/Corridor),Sustainable Land Management (Avoidance of Urban Sprawl),New sustainable district creating 3000 residential units on 80 hectares with particular attention to climate protection infrastructure and transit connectivity.
Austin,Project Connect Light Rail System,A1083,2020/11,Ongoing,7100,City-wide,Expansion of Public Local Transport,Voter-approved first light rail system connecting major corridors providing zero-emission transit alternative reducing single-occupancy vehicle trips and supporting 50-50 mode share goal.
Austin,Strategic Mobility Plan Implementation,A1084,2019/04,Ongoing,850,City-wide,Expansion of Public Local Transport,Comprehensive multimodal transportation plan targeting 50 percent non-driving mode share through transit walking bicycling carpooling and telework investments.
Austin,Proposition B Transportation Bond,A1085,2020/11,2022/12,460,City-wide,Expansion of Bicycle Paths,Voter-approved bond funding sidewalks bikeways and safety projects building 100 miles of new bikeways in two years significantly expanding all-ages cycling network.
Austin,MetroBike Expansion Program,A1086,2015/01,Ongoing,28,City-wide,Alternative Drive Systems and Sharing Offers,Expanded public bike-sharing system managed by Capital Metro providing first and last mile connectivity with priority on equity-focused transit areas.
Austin,Climate Equity Plan Adoption,A1087,2021/09,Ongoing,320,City-wide,Sustainable Land Management (Avoidance of Urban Sprawl),Bold plan targeting net-zero community greenhouse gas emissions by 2040 with strong emphasis on cutting emissions by 2030 through transportation and building measures.
Austin,Vision Zero Safety Program,A1088,2015/01,Ongoing,145,City-wide,Expansion of Pedestrian Paths,Comprehensive traffic safety initiative implementing complete streets roundabouts protected lanes and educational measures reducing crashes and supporting active transportation.
Austin,Climate Pollution Reduction Grant Programs,A1089,2024/01,Ongoing,48,City-wide,Expansion of Public Local Transport,Federal grant funding regional transit service improvements mobility hubs park-and-ride facilities bikeshare expansion and carpool incentives supporting climate goals.
Austin,Transportation Criteria Manual Update,A1090,2022/01,2022/12,5,City-wide,Expansion of Bicycle Paths,First update in 25 years establishing all-ages-and-abilities design standards for bicycle infrastructure complete streets and multimodal facilities citywide.
Austin,Urban Heat Island Mitigation Program,A1091,2024/03,Ongoing,18,City-wide,Green Infrastructure (Carbon Sinks),Resolution directing increased street trees and green infrastructure in public projects providing shade stormwater management traffic calming and carbon sequestration.
Austin,Transit-Oriented Development Corridors,A1092,2019/01,Ongoing,225,City-wide,Sustainable Land Management (Avoidance of Urban Sprawl),Strategic investments in key transit nodes supporting compact mixed-use development near public transport reducing sprawl and vehicle miles traveled.
Austin,Zero Emission Bus Transition,A1093,2020/01,Ongoing,165,City-wide,Alternative Drive Systems and Sharing Offers,Capital Metro transitioning bus fleet to zero-emission electric vehicles with charging infrastructure supporting sustainable fleet goals.
Austin,SAFE Walking Program Enhancement,A1094,2018/01,Ongoing,32,City-wide,Expansion of Pedestrian Paths,Improved pedestrian infrastructure safety education and enforcement creating walkable neighborhoods and reducing barriers to active transportation in Texas climate.
Austin,Community Solar and Battery Storage,A1095,2020/01,Ongoing,88,City-wide,Energy-efficient Building Refurbishment,Expanded access to renewable energy through community solar programs and battery storage systems supporting building decarbonization and grid resilience.
Austin,Green Building Weatherization Program,A1096,2019/01,Ongoing,42,City-wide,Energy-efficient Building Refurbishment,Energy efficiency retrofits for existing buildings including weatherization insulation and building electrification reducing fossil fuel consumption.
Austin,Active Transportation Priority Zones,A1097,2023/01,Ongoing,95,Medium (District/Corridor),Expansion of Bicycle Paths,CityLeap initiative converting vehicle lanes to dedicated bike and bus lanes on busy corridors improving safety accessibility and encouraging modal shift.
Stockholm,Renewable Energy Public Transport,A1098,1980/01,2017/12,580,City-wide,Expansion of Public Local Transport,Long-term transition achieving 100 percent renewable energy for metro buses and local trains by 2017 operating fossil-free transit for 800000 daily passengers.
Stockholm,Walkable City Mobility Plan,A1099,2015/01,Ongoing,320,City-wide,Expansion of Pedestrian Paths,Comprehensive plan promoting walking cycling and public transport over driving creating pedestrian priority zones connecting entire city including peripheral communities.
Stockholm,Bicycle Network Expansion Program,A1100,2015/01,Ongoing,285,City-wide,Expansion of Bicycle Paths,Extended bicycle network by thousands of meters with safe protected infrastructure priority cycle lanes and integration with public transport and bike-sharing.
Stockholm,Congestion Charge System,A1101,2007/01,Ongoing,45,City-wide,Intelligent Traffic Control,Implemented congestion tax on city center vehicle access generating revenue for sustainable transport infrastructure while reducing car traffic and emissions.
Stockholm,Sustainable Mobility Plan Investment,A1102,2017/01,Ongoing,65,City-wide,Expansion of Public Local Transport,Strategic planning and investment targeting 40 percent CO2 reduction by 2025 and 80 percent by 2030 through modal shift and electrification.
Stockholm,EV Charging Infrastructure Deployment,A1103,2018/01,Ongoing,125,City-wide,Alternative Drive Systems and Sharing Offers,Electrification Pact with 63 organizations deploying 500 charging stations targeting 100 percent city-owned parking equipped by 2028 and suburbs by 2030.
Stockholm,Class 3 Environmental Zone,A1104,2024/01,2026/12,42,Medium (District/Corridor),Intelligent Traffic Control,Introduced clean air zone restricting access to only electric vehicles and some gas vehicles reducing emissions and improving urban air quality.
Stockholm,Metro and Tram Expansion Projects,A1105,2018/01,Ongoing,1250,City-wide,Expansion of Public Local Transport,Regional co-financing of metro and tramway expansion improving accessibility frequency and coverage encouraging shift from private vehicles.
Stockholm,Electric Bus Fleet Transition,A1106,2020/01,Ongoing,220,City-wide,Alternative Drive Systems and Sharing Offers,Transitioning bus fleet to zero-emission electric vehicles with charging infrastructure achieving emission-free public transport complementing renewable-powered system.
Stockholm,Slussen Transport Hub Redevelopment,A1107,2016/01,2027/12,3850,Medium (District/Corridor),Expansion of Public Local Transport,Comprehensive reconstruction of locks road bridge underground bus terminal and intermodal hub connecting buses metro trains and ferries.
Stockholm,Bicycle and Pedestrian Path Network,A1108,2016/01,Ongoing,95,City-wide,Expansion of Bicycle Paths,Created new bus lanes and improved cycling and pedestrian paths throughout city with safety features including concrete barriers separation and wayfinding.
Stockholm,Fossil-Free Maritime Transport,A1109,2015/01,Ongoing,88,City-wide,Alternative Drive Systems and Sharing Offers,Transitioning waterborne public transport to renewable fuels and electric systems including ferry electrification and shore power for docked vessels.
Stockholm,Green Building Energy Efficiency,A1110,2018/01,Ongoing,142,City-wide,Energy-efficient Building Refurbishment,Municipal properties depots and stations heated using green energy with efficiency improvements reducing operational emissions.
Stockholm,Urban Densification Strategy,A1111,2015/01,Ongoing,420,City-wide,Sustainable Land Management (Avoidance of Urban Sprawl),Strategic planning for compact connected development prioritizing efficient land use transit-oriented growth and preservation of urban green spaces.
Stockholm,City Bike Sharing Program,A1112,2010/01,Ongoing,18,City-wide,Alternative Drive Systems and Sharing Offers,Public bike-sharing system providing accessible sustainable first and last mile transport integrated with public transit encouraging cycling culture.
Amsterdam,North-South Metro Line Extension,A1113,2012/01,2018/07,3100,City-wide,Expansion of Public Local Transport,Constructed new metro line connecting North Amsterdam to city center with modern accessible stations shifting travelers from cars to zero-emission transit.
Amsterdam,Underwater Bicycle Parking Facilities,A1114,2017/01,2023/01,125,City-wide,Expansion of Bicycle Paths,Built innovative underwater bicycle parking garages including 7000-space facility beneath IJ river at Central Station supporting cycling as primary transport mode.
Amsterdam,Zero Emission Zone Implementation,A1115,2025/01,Ongoing,32,Medium (District/Corridor),Intelligent Traffic Control,Introduced zero-emission zone in city center restricting fossil fuel vehicles improving air quality and supporting climate neutrality goal by 2050.
Amsterdam,Electric Bus Fleet Conversion,A1116,2020/01,2025/12,285,City-wide,Alternative Drive Systems and Sharing Offers,GVB transitioning to completely emission-free public transport deploying 128 zero-emission buses with 160 charging points achieving full electrification.
Amsterdam,15G Tram Modernization Program,A1117,2018/01,2023/12,420,City-wide,Expansion of Public Local Transport,Introduced new sustainable tram fleet powered by green electricity improving service frequency capacity and reliability for 938000 daily passengers.
Amsterdam,Cycling Infrastructure Priority Network,A1118,2015/01,Ongoing,380,City-wide,Expansion of Bicycle Paths,Comprehensive cycling network expansion with protected lanes separated infrastructure and innovative safety initiatives supporting 35 percent cycling mode share by 2030.
Amsterdam,EV Charging Network Expansion,A1119,2018/01,Ongoing,95,City-wide,Alternative Drive Systems and Sharing Offers,Deployed extensive electric vehicle charging infrastructure becoming global leader in charging station density with innovative Flexpower system for efficient redistribution.
Amsterdam,Roadmap Climate Neutral 2050,A1120,2019/01,Ongoing,850,City-wide,Sustainable Land Management (Avoidance of Urban Sprawl),Comprehensive climate action plan targeting fossil-fuel-free streets by 2030 gas-free homes by 2040 and complete energy transition by 2050.
Amsterdam,30 Kilometer Speed Limit Zones,A1121,2024/01,2024/12,15,City-wide,Intelligent Traffic Control,Road Safety Implementation Plan establishing 30 km per hour speed limits on 80 percent of city-center streets improving pedestrian and cyclist safety.
Amsterdam,Sustainable Ferry Fleet Electrification,A1122,2020/01,Ongoing,68,City-wide,Alternative Drive Systems and Sharing Offers,Electrified ferry services across IJ and North Sea Canal using green electricity reducing emissions from waterborne public transport.
Amsterdam,Pedestrian Priority Street Redesigns,A1123,2018/01,Ongoing,145,City-wide,Expansion of Pedestrian Paths,Comprehensive street redesigns creating wider pedestrian spaces car-free zones and accessible infrastructure enhancing walkability and reducing vehicle dominance.
Amsterdam,Multimodal Mobility Hub Network,A1124,2022/01,Ongoing,52,City-wide,Expansion of Public Local Transport,Developed integrated mobility hubs combining public transit bike-sharing parking and amenities facilitating seamless multimodal travel and reducing private car dependency.
Amsterdam,Renewable Energy Public Transport,A1125,2017/01,Ongoing,420,City-wide,Energy-efficient Building Refurbishment,Powered entire public transport system including trams metros buses and ferries with 100 percent renewable electricity reducing fossil fuel consumption.
Amsterdam,Green Space and Canal Integration,A1126,2019/01,Ongoing,88,City-wide,Green Infrastructure (Carbon Sinks),Enhanced urban green spaces canal-side vegetation and climate-adapted landscapes providing carbon sequestration cooling and stormwater management.
Amsterdam,Transit-Oriented Compact Development,A1127,2016/01,Ongoing,520,City-wide,Sustainable Land Management (Avoidance of Urban Sprawl),Promoted dense mixed-use development around transit stations and corridors reducing urban sprawl car dependency and supporting sustainable growth patterns.
San Francisco,Bay Area Bike Share Launch,A1128,2013/08,Ongoing,11.2,City-wide,Alternative Drive Systems and Sharing Offers,Launched regional bicycle sharing system as pilot program with 700 bikes and 70 stations across Bay Area funded by regional transportation and environmental agencies.
San Francisco,Transit First Policy Implementation,A1129,1973/01,Ongoing,Unknown,City-wide,Expansion of Public Local Transport,Adopted comprehensive policy framework prioritizing public transit investment and multimodal transportation system over private vehicle use.
San Francisco,Better Streets Plan,A1130,2010/01,Ongoing,Unknown,City-wide,Expansion of Pedestrian Paths,Implemented citywide policy and design guidelines to balance street utilization between all users with focus on pedestrian priority and accessibility.
San Francisco,Bike Plan Implementation,A1131,2012/01,Ongoing,Unknown,City-wide,Expansion of Bicycle Paths,Published and implemented comprehensive citywide bicycle infrastructure plan to create safe and comfortable cycling network for all ages.
San Francisco,BART Fleet Expansion,A1132,2015/01,Ongoing,1200,City-wide,Expansion of Public Long-Distance Transport,Major investment in purchasing new BART rail cars to expand regional rapid transit capacity and reduce private vehicle dependence.
San Francisco,Van Ness Bus Rapid Transit,A1133,2016/01,2022/06,346,Medium (District/Corridor),Expansion of Public Local Transport,Constructed first Bus Rapid Transit system with dedicated bus lanes and transit priority signals along Van Ness Avenue corridor.
San Francisco,Geary Bus Rapid Transit,A1134,2017/01,2022/12,305,Medium (District/Corridor),Expansion of Public Local Transport,Implemented BRT improvements on Geary Boulevard including red bus-only lanes and signal priority for heavily-used transit route.
San Francisco,Existing Commercial Buildings Ordinance,A1135,2011/01,Ongoing,Unknown,City-wide,Energy-efficient Building Refurbishment,Required all commercial buildings over 10000 square feet to conduct energy audits every five years and implement cost-effective retrofits.
San Francisco,GreenFinanceSF Program,A1136,2010/01,Ongoing,Unknown,City-wide,Energy-efficient Building Refurbishment,Established financing district enabling property owners to access up to 100 percent financing for energy efficiency and renewable energy retrofits.
San Francisco,Residential Energy Conservation Ordinance,A1137,2008/01,Ongoing,Unknown,City-wide,Energy-efficient Building Refurbishment,Mandated minimum set of energy efficiency retrofits for all residential properties built before 1978 at time of sale.
San Francisco,Ford GoBike Expansion,A1138,2017/06,Ongoing,50,City-wide,Alternative Drive Systems and Sharing Offers,Major expansion of bike share system from 700 to 7000 bicycles with Ford sponsorship making system ten times larger than pilot.
San Francisco,Vision Zero Initiative,A1139,2014/01,Ongoing,Unknown,City-wide,Expansion of Pedestrian Paths,Launched comprehensive program to eliminate all traffic deaths through education enforcement and infrastructure redesign focusing on pedestrian safety.
San Francisco,Caltrain Electrification Project,A1140,2015/01,2024/09,2400,City-wide,Expansion of Public Long-Distance Transport,Regional project to convert diesel commuter rail to fully electric service reducing emissions and improving service frequency.
San Francisco,Municipal Building Retrofit Program,A1141,2011/01,Ongoing,2,City-wide,Energy-efficient Building Refurbishment,Annual program budgeting one million dollars for energy efficiency upgrades in municipal facilities based on benchmarking data.
San Francisco,Green Building Code,A1142,2008/01,Ongoing,Unknown,City-wide,Energy-efficient Building Refurbishment,Required all new residential and commercial construction to achieve GreenPoint Rated and LEED certification standards for sustainability.
San Francisco,Transportation Demand Management Program,A1143,2010/01,Ongoing,Unknown,City-wide,Intelligent Traffic Control,Program working with developers to provide on-site amenities encouraging sustainable travel options and reducing single-occupancy vehicle trips.
San Francisco,Better Market Street Project,A1144,2018/01,Ongoing,604,Medium (District/Corridor),Expansion of Pedestrian Paths,Transformative project delivering transportation street and safety improvements along 2.2 miles of Market Street from Octavia to Embarcadero.
San Francisco,Slow Streets Program,A1145,2020/04,Ongoing,Unknown,City-wide,Expansion of Bicycle Paths,Created 25 miles of bike and pedestrian friendly streets by limiting car traffic during pandemic with goal of permanent implementation.
San Francisco,Urban Forest Plan,A1146,2014/01,Ongoing,Unknown,City-wide,Green Infrastructure (Carbon Sinks),Comprehensive strategy to expand tree canopy coverage and green infrastructure for stormwater management carbon sequestration and biodiversity.
San Francisco,EV Charging Infrastructure Mandate,A1147,2013/01,Ongoing,Unknown,City-wide,Alternative Drive Systems and Sharing Offers,Required developers to install EV-ready infrastructure in 20 percent of parking spaces for new construction and major renovations.
Frankfurt,Radentscheid Campaign Implementation,A1148,2019/01,Ongoing,Unknown,City-wide,Expansion of Bicycle Paths,Grassroots-initiated referendum campaign leading to comprehensive catalogue of measures to promote bicycle traffic and improve cyclist safety.
Frankfurt,Cycling Infrastructure Expansion,A1149,2015/01,Ongoing,Unknown,City-wide,Expansion of Bicycle Paths,Systematic expansion of cycling corridors with structural separation from pedestrians and motorized traffic to improve safety.
Frankfurt,Bike and Ride Facilities,A1150,2012/01,Ongoing,Unknown,City-wide,Alternative Drive Systems and Sharing Offers,Developed bicycle parking facilities and bike plus ride facilities at transit stations for seamless modal interchange.
Frankfurt,Sustainable Mobility Coordinator,A1151,2015/01,Ongoing,Unknown,City-wide,Intelligent Traffic Control,Established coordinator position for transition to sustainable transport across different administrative units.
Frankfurt,Electric Bus Fleet Expansion,A1152,2018/01,Ongoing,Unknown,City-wide,Alternative Drive Systems and Sharing Offers,Investment program to convert public bus fleet to electric vehicles reducing local emissions and noise pollution.
Frankfurt,Pedestrian Zone Expansion,A1153,2010/01,Ongoing,Unknown,Medium (District/Corridor),Expansion of Pedestrian Paths,Expanded pedestrian-only areas in city center and residential districts for safer greener commuting options.
Frankfurt,Energy Efficient Housing Retrofit,A1154,2012/01,Ongoing,Unknown,City-wide,Energy-efficient Building Refurbishment,Program to retrofit existing residential buildings to meet modern energy efficiency standards and reduce heating emissions.
Frankfurt,Green Building Standards,A1155,2011/01,Ongoing,Unknown,City-wide,Energy-efficient Building Refurbishment,Implemented mandatory eco-friendly construction practices and energy efficiency requirements for new building projects.
Frankfurt,Public Transport Modernization,A1156,2014/01,Ongoing,Unknown,City-wide,Expansion of Public Local Transport,Invested in modernizing transit systems including upgraded vehicles and improved frequency to reduce private vehicle reliance.
Frankfurt,Climate Action Plan Implementation,A1157,2010/01,Ongoing,Unknown,City-wide,Sustainable Land Management (Avoidance of Urban Sprawl),Developed comprehensive strategy to reduce carbon emissions through compact development and renewable energy promotion.
Frankfurt,Parks and Green Rooftops Program,A1158,2013/01,Ongoing,Unknown,City-wide,Green Infrastructure (Carbon Sinks),Development program for urban parks and green rooftop installations to improve air quality and provide climate adaptation.
Frankfurt,Transit-Oriented Development,A1159,2015/01,Ongoing,Unknown,City-wide,Sustainable Land Management (Avoidance of Urban Sprawl),Promoted high-density mixed-use development near transit stations to reduce sprawl and vehicle miles traveled.
Frankfurt,Smart Traffic Management System,A1160,2016/01,Ongoing,Unknown,City-wide,Intelligent Traffic Control,Implemented intelligent traffic control systems with adaptive signals and real-time monitoring to optimize traffic flow.
Frankfurt,Cycling Promotion Campaign,A1161,2015/01,Ongoing,Unknown,City-wide,Expansion of Bicycle Paths,Active communication and marketing campaign promoting cycling as sustainable transport option with focus on safety awareness.
Frankfurt,Renewable Energy District Heating,A1162,2017/01,Ongoing,Unknown,Medium (District/Corridor),Energy-efficient Building Refurbishment,Expanded district heating networks powered by renewable energy sources to replace fossil fuel heating in buildings.
Seattle,Climate Action Plan Adoption,A1163,2013/01,Ongoing,Unknown,City-wide,Sustainable Land Management (Avoidance of Urban Sprawl),Adopted comprehensive climate action plan with goal to reduce greenhouse gas emissions 58 percent below 2008 levels by 2030.
Seattle,Bicycle Master Plan Update,A1164,2014/01,Ongoing,Unknown,City-wide,Expansion of Bicycle Paths,Updated citywide bicycle infrastructure plan to create connected safe network for all ages and abilities cyclists.
Seattle,Pedestrian Master Plan,A1165,2017/01,Ongoing,Unknown,City-wide,Expansion of Pedestrian Paths,Comprehensive plan to improve sidewalk network accessibility and pedestrian safety across entire city.
Seattle,RapidRide Bus Rapid Transit,A1166,2010/09,Ongoing,Unknown,City-wide,Expansion of Public Local Transport,Launched multiple RapidRide corridors with limited stops transit priority and enhanced stations for faster more reliable bus service.
Seattle,Green New Deal Resolution,A1167,2019/07,Ongoing,Unknown,City-wide,Sustainable Land Management (Avoidance of Urban Sprawl),Passed resolution establishing carbon neutral goal by 2030 and creating oversight board for climate justice and policy advice.
Seattle,Building Energy Benchmarking,A1168,2010/01,Ongoing,Unknown,City-wide,Energy-efficient Building Refurbishment,Required large commercial buildings to annually track and report energy performance using ENERGY STAR Portfolio Manager.
Seattle,Link Light Rail Expansion,A1169,2009/01,Ongoing,3700,City-wide,Expansion of Public Long-Distance Transport,Major regional investment in expanding electric light rail network connecting Seattle to surrounding communities reducing car dependence.
Seattle,Healthy Streets Program,A1170,2020/04,Ongoing,Unknown,City-wide,Expansion of Bicycle Paths,Created network of low-traffic streets prioritizing walking and biking with goal of making 20 miles permanent.
Seattle,City Fleet Electrification,A1171,2015/01,Ongoing,Unknown,City-wide,Alternative Drive Systems and Sharing Offers,Program to transition all city-owned vehicles to zero-emission electric vehicles with goal of 100 percent conversion by 2030.
Seattle,Transit-Oriented Development Zoning,A1172,2010/01,Ongoing,Unknown,City-wide,Sustainable Land Management (Avoidance of Urban Sprawl),Eliminated parking minimums and increased residential density allowances in station area overlay districts and urban centers.
Seattle,Green Infrastructure Program,A1173,2011/01,Ongoing,Unknown,City-wide,Green Infrastructure (Carbon Sinks),Implemented green stormwater infrastructure including bioswales rain gardens and permeable pavements for carbon sequestration.
Seattle,Commercial Energy Code Updates,A1174,2018/01,Ongoing,Unknown,City-wide,Energy-efficient Building Refurbishment,Updated building energy code with stricter efficiency requirements including fossil fuel restrictions for space and water heating.
Seattle,EV Charging Network Expansion,A1175,2012/01,Ongoing,Unknown,City-wide,Alternative Drive Systems and Sharing Offers,Developed public electric vehicle charging infrastructure network throughout city to support transition to electric vehicles.
Seattle,Urban Forest Management,A1176,2013/01,Ongoing,Unknown,City-wide,Green Infrastructure (Carbon Sinks),Comprehensive urban forestry program to expand tree canopy coverage for carbon storage air quality improvement and climate adaptation.
Seattle,Commuter Benefits Program,A1177,2010/01,Ongoing,Unknown,City-wide,Expansion of Public Local Transport,Required employers to offer pre-tax transit pass deductions up to 300 dollars monthly encouraging public transportation use.
Seattle,Building Emissions Performance Standards,A1178,2023/01,Ongoing,Unknown,City-wide,Energy-efficient Building Refurbishment,Required large commercial buildings to achieve emissions reduction targets on timeline reaching full decarbonization by 2050.
Seattle,Vision Zero Safety Initiative,A1179,2015/01,Ongoing,Unknown,City-wide,Expansion of Pedestrian Paths,Launched comprehensive program to eliminate traffic fatalities through infrastructure improvements enforcement and education.
Seattle,Adaptive Traffic Signals,A1180,2014/01,Ongoing,Unknown,City-wide,Intelligent Traffic Control,Implemented smart traffic signal system with real-time adjustments to prioritize buses pedestrians and optimize traffic flow.
Denver,Climate Action Plan,A1181,2018/01,Ongoing,Unknown,City-wide,Sustainable Land Management (Avoidance of Urban Sprawl),Adopted comprehensive climate strategy addressing transportation buildings and land use to reduce greenhouse gas emissions.
Denver,Denver Moves Bike Plan,A1182,2011/01,Ongoing,Unknown,City-wide,Expansion of Bicycle Paths,Comprehensive bicycle infrastructure master plan to create 850-mile network of bikeways connecting all neighborhoods.
Denver,Denver Moves Pedestrian Plan,A1183,2019/01,Ongoing,Unknown,City-wide,Expansion of Pedestrian Paths,Citywide pedestrian infrastructure plan to create complete accessible safe sidewalk network improving walkability.
Denver,Elevate Denver Bond,A1184,2017/01,Ongoing,937,City-wide,Expansion of Bicycle Paths,Voter-approved bond measure dedicating 115 million dollars to bicycle and pedestrian projects plus 163.5 million for complete streets.
Denver,RTD Regional Transit Expansion,A1185,2010/01,Ongoing,Unknown,City-wide,Expansion of Public Long-Distance Transport,Major expansion of Regional Transportation District light rail and bus rapid transit network serving metro area.
Denver,Climate Protection Fund,A1186,2020/11,Ongoing,40,City-wide,Sustainable Land Management (Avoidance of Urban Sprawl),Created dedicated fund raising 40 million dollars annually from sales tax to support climate mitigation programs centered on equity.
Denver,Bus Rapid Transit Federal Boulevard,A1187,2019/01,Ongoing,170,Medium (District/Corridor),Expansion of Public Local Transport,Allocated state funding to develop bus rapid transit project on Federal Boulevard improving speed and reliability.
Denver,Bike Sharing Expansion,A1188,2010/01,Ongoing,Unknown,City-wide,Alternative Drive Systems and Sharing Offers,Expanded bike sharing program throughout Denver providing accessible short-term bicycle rentals for first-mile last-mile connections.
Denver,E-Bike Rebate Program,A1189,2022/04,Ongoing,Unknown,City-wide,Alternative Drive Systems and Sharing Offers,Implemented state and local rebates for e-bike purchases with enhanced incentives for low and moderate income residents.
Denver,Vision Zero Action Plan,A1190,2017/01,Ongoing,Unknown,City-wide,Expansion of Pedestrian Paths,Launched comprehensive traffic safety initiative to eliminate all traffic deaths through infrastructure enforcement and education.
Denver,Transportation Special Revenue Fund,A1191,2022/01,Ongoing,20,City-wide,Expansion of Bicycle Paths,Established dedicated funding from parking meter fee increases providing 20 million dollars annually for multimodal transportation.
Denver,Green Building Code,A1192,2016/01,Ongoing,Unknown,City-wide,Energy-efficient Building Refurbishment,Updated building energy codes with stricter efficiency requirements for new construction and major renovations.
Denver,Urban Forest Management Plan,A1193,2013/01,Ongoing,Unknown,City-wide,Green Infrastructure (Carbon Sinks),Strategic plan to expand and maintain urban tree canopy for carbon sequestration stormwater management and heat island mitigation.
Denver,Electric Vehicle Infrastructure,A1194,2015/01,Ongoing,Unknown,City-wide,Alternative Drive Systems and Sharing Offers,Developed network of public electric vehicle charging stations and implemented building code requirements for EV-ready infrastructure.
Denver,Transit Oriented Development Policy,A1195,2014/01,Ongoing,Unknown,City-wide,Sustainable Land Management (Avoidance of Urban Sprawl),Updated zoning to encourage high-density mixed-use development near transit stations reducing vehicle miles traveled.
Denver,High Performance Building Requirements,A1196,2017/01,Ongoing,Unknown,City-wide,Energy-efficient Building Refurbishment,Required municipal buildings and incentivized private developments to achieve LEED certification and high energy performance.
Denver,Green Infrastructure Implementation,A1197,2012/01,Ongoing,Unknown,City-wide,Green Infrastructure (Carbon Sinks),Deployed green stormwater infrastructure including bioretention facilities permeable pavement and urban wetlands.
Denver,Adaptive Signal Control,A1198,2018/01,Ongoing,Unknown,City-wide,Intelligent Traffic Control,Implemented intelligent traffic management system with adaptive signals coordinated timing and real-time monitoring.
Denver,Complete Streets Policy,A1199,2012/01,Ongoing,Unknown,City-wide,Expansion of Pedestrian Paths,Adopted policy requiring streets to be designed for all users including pedestrians bicyclists transit riders and motorists.
Vancouver,Separated Bike Lanes Downtown,A1200,2010/01,2012/01,Unknown,Medium (District/Corridor),Expansion of Bicycle Paths,Constructed three separated bike tracks connecting west side through downtown to east Vancouver including Dunsmuir Viaduct and Hornby Street reducing collisions.
Vancouver,Greenest City Action Plan,A1201,2011/07,Ongoing,Unknown,City-wide,Sustainable Land Management (Avoidance of Urban Sprawl),Adopted comprehensive sustainability plan with targets for zero carbon zero waste and healthy ecosystems requiring compact development.
Vancouver,Seaside Greenway Completion,A1202,2013/07,2013/07,Unknown,City-wide,Expansion of Pedestrian Paths,Completed 28 kilometer continuous waterfront path along ocean from Jericho Beach to Trafalier Street for walking and cycling.
Vancouver,Transportation 2040 Plan,A1203,2012/01,Ongoing,Unknown,City-wide,Expansion of Public Local Transport,Adopted long-term transportation strategy prioritizing transit cycling and walking with goal of two-thirds of trips by sustainable modes.
Vancouver,Evergreen Line Rapid Transit,A1204,2016/12,2016/12,1400,City-wide,Expansion of Public Long-Distance Transport,Opened new rapid transit line linking Burnaby Port Moody and Coquitlam to Vancouver increasing regional transit integration and capacity.
Vancouver,Public Bike Share Launch,A1205,2016/07,Ongoing,Unknown,City-wide,Alternative Drive Systems and Sharing Offers,Launched Mobi bike sharing system throughout city providing accessible short-term bicycle rentals for sustainable transportation.
Vancouver,Green Rezoning Policy,A1206,2010/01,Ongoing,Unknown,City-wide,Energy-efficient Building Refurbishment,Required all new rezoning applications for buildings to meet LEED sustainability certification standards.
Vancouver,Green Building Code Updates,A1207,2014/03,Ongoing,Unknown,City-wide,Energy-efficient Building Refurbishment,Increased energy efficiency requirements for new one and two family homes with improved insulation air-tightness and heating systems.
Vancouver,Urban Forest Strategy,A1208,2014/01,Ongoing,Unknown,City-wide,Green Infrastructure (Carbon Sinks),Comprehensive plan to plant 150000 additional trees and expand urban canopy for carbon sequestration and climate adaptation.
Vancouver,Electric Vehicle Infrastructure,A1209,2012/01,Ongoing,Unknown,City-wide,Alternative Drive Systems and Sharing Offers,Developed network of public electric vehicle charging stations and implemented building code requirements for EV-ready infrastructure.
Vancouver,Energy Retrofit Strategy Buildings,A1210,2014/06,Ongoing,Unknown,City-wide,Energy-efficient Building Refurbishment,Approved strategy to reduce greenhouse gas emissions from energy use in existing buildings through retrofits and efficiency programs.
Vancouver,Broadway Subway Project,A1211,2020/01,Ongoing,2830,City-wide,Expansion of Public Long-Distance Transport,Major underground rapid transit extension connecting Vancouver to University of British Columbia and regional destinations.
Vancouver,York Bikeway,A1212,2013/07,2013/07,Unknown,Medium (District/Corridor),Expansion of Bicycle Paths,Completed protected bicycle route from Stephens Street to Seaforth Park connecting east-west for safe cycling access.
Vancouver,Greenways Network Expansion,A1213,2015/01,Ongoing,Unknown,City-wide,Expansion of Bicycle Paths,Expanded high quality active transportation corridors connecting neighborhoods with car-light to car-free segments and green infrastructure.
Vancouver,Building Energy Benchmarking,A1214,2016/01,Ongoing,Unknown,City-wide,Energy-efficient Building Refurbishment,Required large buildings to annually track and report energy performance enabling targeted efficiency improvements.
Vancouver,Green Infrastructure Stormwater,A1215,2013/01,Ongoing,Unknown,City-wide,Green Infrastructure (Carbon Sinks),Implemented green stormwater management including bioswales rain gardens and permeable surfaces for carbon sequestration.
Vancouver,Transit Priority Measures,A1216,2015/01,Ongoing,Unknown,City-wide,Intelligent Traffic Control,Installed bus priority signals and queue jumps at key intersections to improve transit speed and reliability.
Vancouver,City Centre Car-Free Zones,A1217,2012/01,Ongoing,Unknown,Medium (District/Corridor),Sustainable Land Management (Avoidance of Urban Sprawl),Restricted private vehicle access in downtown core prioritizing pedestrians cyclists and public transit.
Vancouver,False Creek Neighbourhood Energy,A1218,2010/01,Ongoing,Unknown,Medium (District/Corridor),Energy-efficient Building Refurbishment,Developed district energy utility using waste heat recovery and renewable energy to heat buildings in Southeast False Creek.
Vancouver,Active Transportation Plan,A1219,2023/01,Ongoing,Unknown,City-wide,Expansion of Pedestrian Paths,Approved comprehensive plan integrating major walking cycling and public realm improvements with equity focus.
Washington DC,Capital Bikeshare System,A1220,2010/09,Ongoing,11,City-wide,Alternative Drive Systems and Sharing Offers,Launched regional bicycle sharing system with 700 stations putting two-thirds of District population within quarter mile of station.
Washington DC,Protected Bike Lane Network,A1221,2015/01,Ongoing,Unknown,City-wide,Expansion of Bicycle Paths,Developed over 180 miles of bike lanes including more than 60 miles of protected bike lanes separated from vehicle traffic.
Washington DC,Sustainable DC Plan,A1222,2012/01,Ongoing,Unknown,City-wide,Sustainable Land Management (Avoidance of Urban Sprawl),Adopted comprehensive sustainability strategy with goal for 75 percent of trips by walking cycling or transit by 2032.
Washington DC,LEED Platinum City Certification,A1223,2017/01,Ongoing,Unknown,City-wide,Energy-efficient Building Refurbishment,Became first LEED Platinum certified city in world with highest concentration of LEED certified buildings per capita.
Washington DC,Building Energy Benchmarking,A1224,2011/01,Ongoing,Unknown,City-wide,Energy-efficient Building Refurbishment,Required large commercial buildings to annually track and report energy performance using ENERGY STAR Portfolio Manager.
Washington DC,Green Roof Initiative,A1225,2013/01,Ongoing,Unknown,City-wide,Green Infrastructure (Carbon Sinks),Installed over 5.7 million square feet of green roofs providing stormwater management cooling and urban biodiversity habitat.
Washington DC,Bus Rapid Transit Development,A1226,2017/01,Ongoing,Unknown,Medium (District/Corridor),Expansion of Public Local Transport,Implemented bus queue jumps and transit priority treatments at key intersections through Bus Transformation Project.
Washington DC,Metro Silver Line Extension,A1227,2014/01,2014/07,2900,City-wide,Expansion of Public Long-Distance Transport,Opened major rail extension connecting downtown Washington to Dulles Airport and suburban Virginia with 23 miles of track.
Washington DC,Vision Zero Safety Initiative,A1228,2015/01,Ongoing,Unknown,City-wide,Expansion of Pedestrian Paths,Launched comprehensive program to eliminate traffic fatalities through infrastructure improvements education and enforcement.
Washington DC,Hybrid Electric Bus Fleet,A1229,2010/01,Ongoing,Unknown,City-wide,Alternative Drive Systems and Sharing Offers,Converted 90 percent of Metrobus fleet to hybrid electric vehicles or alternative fuels reducing emissions.
Washington DC,24-Hour Bus Service,A1230,2023/01,Ongoing,Unknown,City-wide,Expansion of Public Local Transport,Began continuous 24-7 bus service on select high ridership routes improving access to transit for all shifts.
Washington DC,Trail Ranger Program,A1231,2013/01,Ongoing,Unknown,City-wide,Expansion of Bicycle Paths,Initiated program providing security and repair assistance along DC trails promoting safe cycling and walking.
Washington DC,Transit-Oriented Development Zones,A1232,2014/01,Ongoing,Unknown,City-wide,Sustainable Land Management (Avoidance of Urban Sprawl),Promoted high-density mixed-use development near Metro stations with 84 percent of new office construction within quarter mile.
Washington DC,Circulator Bus System,A1233,2005/01,Ongoing,Unknown,City-wide,Expansion of Public Local Transport,Operated affordable one-dollar bus routes connecting neighborhoods and points of interest with ADA compliant vehicles.
Washington DC,EV Charging Infrastructure,A1234,2015/01,Ongoing,Unknown,City-wide,Alternative Drive Systems and Sharing Offers,Developed network of public electric vehicle charging stations throughout district supporting transition to zero-emission vehicles.
Washington DC,Urban Forestry Enhancement,A1235,2016/01,Ongoing,Unknown,City-wide,Green Infrastructure (Carbon Sinks),Expanded tree canopy coverage and urban forest management for carbon storage air quality improvement and climate adaptation.
Washington DC,Northern Bus Garage Retrofit,A1236,2023/01,Ongoing,Unknown,City-wide,Energy-efficient Building Refurbishment,Initiated reconstruction of bus facility to become 100 percent zero-emission garage upon reopening.
Washington DC,Smart Traffic Signal Systems,A1237,2016/01,Ongoing,Unknown,City-wide,Intelligent Traffic Control,Implemented adaptive traffic management with real-time adjustments prioritizing buses and pedestrians.
Washington DC,Safe Routes to School Program,A1238,2012/01,Ongoing,Unknown,City-wide,Expansion of Pedestrian Paths,Provided bike and pedestrian safety education and infrastructure improvements around schools increasing active commuting.
Washington DC,District Heating Efficiency Program,A1239,2015/01,Ongoing,Unknown,City-wide,Energy-efficient Building Refurbishment,Upgraded district heating systems and promoted building efficiency to reduce fossil fuel consumption.
Oslo,Electric Bus Fleet Conversion,A1240,2018/01,2023/12,500,City-wide,Alternative Drive Systems and Sharing Offers,Replaced all diesel buses with 450 electric buses making Oslo first capital with fully electric public transport system.
Oslo,City Center Car Ban,A1241,2017/01,2019/01,Unknown,Medium (District/Corridor),Sustainable Land Management (Avoidance of Urban Sprawl),Banned private cars from city center prioritizing pedestrians cyclists and public transport improving air quality.
Oslo,Cycling Infrastructure Expansion,A1242,2015/01,Ongoing,Unknown,City-wide,Expansion of Bicycle Paths,Developed comprehensive network of protected bike lanes and cycling corridors separated from vehicle traffic.
Oslo,Climate Strategy Towards 2030,A1243,2016/01,Ongoing,Unknown,City-wide,Sustainable Land Management (Avoidance of Urban Sprawl),Adopted comprehensive climate plan prioritizing walking cycling and public transport with emissions reduction targets.
Oslo,Electric Ferry Fleet,A1244,2018/01,2023/01,Unknown,City-wide,Alternative Drive Systems and Sharing Offers,Electrified ferries operating on Oslo fjord as part of zero-emission public transportation network.
Oslo,Low Emission Zone Implementation,A1245,2017/01,Ongoing,Unknown,City-wide,Intelligent Traffic Control,Established low emission zone under Oslo Charging Scheme restricting polluting vehicles and promoting electric alternatives.
Oslo,Ruter Transit Electrification,A1246,2020/01,2028/01,Unknown,City-wide,Expansion of Public Local Transport,Comprehensive program to electrify entire regional public transport system operated by Ruter authority.
Oslo,Heavy Vehicle Charging Stations,A1247,2022/01,Ongoing,Unknown,City-wide,Alternative Drive Systems and Sharing Offers,Installed fast-charging infrastructure for electric trucks and buses with city funding up to 80 percent of costs.
Oslo,Bike Sharing Program,A1248,2016/01,Ongoing,Unknown,City-wide,Alternative Drive Systems and Sharing Offers,Launched bicycle sharing system throughout city providing easy access to bikes for first-mile last-mile connections.
Oslo,Pedestrian Priority Streets,A1249,2018/01,Ongoing,Unknown,City-wide,Expansion of Pedestrian Paths,Redesigned streets prioritizing pedestrian safety and accessibility with improved crossings and traffic calming.
Oslo,Electric Tram Network Expansion,A1250,2015/01,Ongoing,Unknown,City-wide,Expansion of Public Local Transport,Expanded electrified tram network providing zero-emission urban transit throughout central areas.
Oslo,Forest Carbon Protection Plan,A1251,2016/01,Ongoing,Unknown,City-wide,Green Infrastructure (Carbon Sinks),Managed forests and natural areas to protect carbon stores in vegetation and soil increasing greenhouse gas absorption.
Oslo,Zero Emission Downtown Zone,A1252,2019/01,Ongoing,Unknown,Medium (District/Corridor),Intelligent Traffic Control,Planned new zero-emission vehicle zone for downtown requiring all vehicles to be electric or emission-free.
Oslo,Building Energy Standards,A1253,2015/01,Ongoing,Unknown,City-wide,Energy-efficient Building Refurbishment,Implemented strict energy efficiency requirements for new construction aligned with carbon neutral goals.
Oslo,Urban Green Space Expansion,A1254,2017/01,Ongoing,Unknown,City-wide,Green Infrastructure (Carbon Sinks),Expanded parks and green infrastructure for climate adaptation stormwater management and carbon sequestration.
Oslo,Transit Signal Priority System,A1255,2016/01,Ongoing,Unknown,City-wide,Intelligent Traffic Control,Installed intelligent transport systems with transit priority signals optimizing public transport efficiency.
Oslo,Cycling Superhighways,A1256,2016/01,Ongoing,Unknown,City-wide,Expansion of Bicycle Paths,Developed long-distance cycling routes connecting Oslo with surrounding municipalities for commuter cycling.
Oslo,Congestion Charging System,A1257,2017/01,Ongoing,Unknown,City-wide,Intelligent Traffic Control,Implemented congestion charges for fossil-fuel vehicles discouraging car use and funding sustainable transport.
Oslo,Renewable District Heating,A1258,2015/01,Ongoing,Unknown,City-wide,Energy-efficient Building Refurbishment,Transitioned district heating systems to renewable energy sources reducing building emissions.
Oslo,Compact Development Policy,A1259,2016/01,Ongoing,Unknown,City-wide,Sustainable Land Management (Avoidance of Urban Sprawl),Promoted high-density mixed-use development near transit to reduce car dependency and urban sprawl.
Copenhagen,Bicycle Strategy Implementation,A1260,2011/01,2025/01,80,City-wide,Expansion of Bicycle Paths,Allocated 80 million euros to implement bicycle infrastructure including widened cycle paths separated from motor traffic.
Copenhagen,CPH 2025 Climate Plan,A1261,2012/01,Ongoing,Unknown,City-wide,Sustainable Land Management (Avoidance of Urban Sprawl),Adopted comprehensive strategy to become world first carbon neutral capital requiring compact sustainable development.
Copenhagen,Metro City Circle Line,A1262,2018/01,2019/10,3000,City-wide,Expansion of Public Local Transport,Opened new subway line placing 85 percent of residents within 650 yards of Metro station.
Copenhagen,Green Roof Mandate,A1263,2015/01,Ongoing,Unknown,City-wide,Green Infrastructure (Carbon Sinks),Required green roofs for all new buildings in planned areas with flat roofs for stormwater management and carbon storage.
Copenhagen,District Heating CHP System,A1264,2010/01,Ongoing,Unknown,City-wide,Energy-efficient Building Refurbishment,Expanded Combined Heat and Power system capturing waste heat from electricity generation reducing emissions by 45 percent.
Copenhagen,Cycle Superhighways Network,A1265,2012/01,Ongoing,Unknown,City-wide,Expansion of Bicycle Paths,Developed long-distance protected cycling routes connecting Copenhagen with surrounding municipalities for commuter cycling.
Copenhagen,Pedestrianized City Center,A1266,1962/01,Ongoing,Unknown,Medium (District/Corridor),Expansion of Pedestrian Paths,Converted Stroget main street and 18 town squares to car-free zones creating vibrant pedestrian spaces.
Copenhagen,Building Retrofit Program,A1267,2016/01,Ongoing,Unknown,City-wide,Energy-efficient Building Refurbishment,Modernized old buildings with energy efficiency improvements targeting 10 percent electricity and 20 percent heat reduction.
Copenhagen,100000 Trees Planting Plan,A1268,2016/01,Ongoing,Unknown,City-wide,Green Infrastructure (Carbon Sinks),Approved comprehensive urban forestry plan to plant 100000 additional trees throughout city for carbon sequestration.
Copenhagen,Public Bike Program,A1269,2010/01,Ongoing,18,City-wide,Alternative Drive Systems and Sharing Offers,Maintained public bicycle sharing system with 120 bike racks financed through sponsorships providing free bikes.
Copenhagen,Green Wave Traffic Signals,A1270,2014/01,Ongoing,Unknown,City-wide,Intelligent Traffic Control,Synchronized traffic lights on main cycling routes enabling cyclists to maintain 20 kilometers per hour average speed.
Copenhagen,Wind Turbine Energy Integration,A1271,2012/01,Ongoing,Unknown,City-wide,Energy-efficient Building Refurbishment,Installed wind turbines to supply 30 percent of electricity with plan to reach 50 percent by 2020.
Copenhagen,Cloudburst Management Plan,A1272,2015/01,Ongoing,Unknown,City-wide,Green Infrastructure (Carbon Sinks),Developed blue-green infrastructure in parks and streets to manage extreme rainfall and flooding from climate change.
Copenhagen,Low Energy Building Standards,A1273,2020/01,Ongoing,Unknown,City-wide,Energy-efficient Building Refurbishment,Required new buildings to meet Denmark Low Energy Class ratings approaching net-zero energy performance.
Copenhagen,Cargo Bike Infrastructure,A1274,2015/01,Ongoing,Unknown,City-wide,Alternative Drive Systems and Sharing Offers,Accommodated cargo bicycles with expanded lanes supporting households using bikes for transporting goods and children.
Copenhagen,Transit Oriented Density Zones,A1275,2014/01,Ongoing,Unknown,City-wide,Sustainable Land Management (Avoidance of Urban Sprawl),Promoted high-density development near Metro stations creating five-minute cities with amenities within walking distance.
Copenhagen,Adelgade District Cooling,A1276,2010/06,Ongoing,Unknown,Medium (District/Corridor),Energy-efficient Building Refurbishment,Opened first district cooling network using harbor seawater to cool buildings reducing energy consumption.
Copenhagen,Bike Lane Network Completion,A1277,2014/01,Ongoing,Unknown,City-wide,Expansion of Bicycle Paths,Completed comprehensive 249-mile network of protected cycle tracks with parking at all metro and bus stations.
Copenhagen,Biomass Fuel Conversion,A1278,2015/01,Ongoing,Unknown,City-wide,Energy-efficient Building Refurbishment,Converted remaining coal-fired Combined Heat Power plants to renewable biomass fuels reducing carbon footprint.
Copenhagen,Urban Wetlands Creation,A1279,2016/01,Ongoing,Unknown,City-wide,Green Infrastructure (Carbon Sinks),Developed urban wetlands and water retention basins for flood protection and ecological habitat enhancement.
Boston,Boston Bikes Program Launch,A1280,2007/07,Ongoing,5,City-wide,Expansion of Bicycle Paths,Launched comprehensive bicycle infrastructure program transforming the city from one of the worst bike cities to a leader. Increased bicycle lane mileage from 0.034 miles in 2007 to over 92 miles by 2014 through integrated approach including bike lanes signage parking and cyclist awareness programs.
Boston,Bluebikes Bike Share System,A1281,2011/07,Ongoing,45,City-wide,Alternative Drive Systems and Sharing Offers,Initiated one of the first large-scale municipal bike share systems in the US with 60 stations and 600 bikes. Expanded to over 300 stations and 3000 bikes by 2024 with electric-assist bikes added in 2023. System has facilitated over 25 million trips since launch.
Boston,Green Line Extension to Somerville,A1282,2022/03,2022/12,2300,City-wide,Expansion of Public Local Transport,Extended light rail from Lechmere Station through two branches: Union Square Branch and Medford Branch with seven new stations. Increased proportion of residents within walking distance of rapid transit from 15% to 85% in Somerville. Expected to add 50000 daily passenger trips and eliminate 25000 vehicle miles traveled daily.
Boston,Silver Line Bus Rapid Transit,A1283,2002/07,Ongoing,413,City-wide,Expansion of Public Local Transport,Developed bus rapid transit system connecting South Station with Seaport District and later expanded to East Boston and Chelsea. Phase I served Washington Street corridor with dedicated transitway. Silver Line Gateway expansion to Chelsea completed in phases providing connections to underserved neighborhoods.
Boston,Climate Ready Boston Initiative,A1284,2016/12,Ongoing,50,City-wide,Green Infrastructure (Carbon Sinks),Released comprehensive climate vulnerability assessment and adaptation strategies. Established green infrastructure guidelines for stormwater management coastal flooding and urban heat island mitigation. Over 39% of surface area protected for natural elements with greenery covering more than 60% of city.
Boston,Stormwater Utility Fee Program,A1285,2024/01,Ongoing,200,City-wide,Green Infrastructure (Carbon Sinks),Launched new stormwater utility fee based on impervious surface to fund modernization of stormwater infrastructure. Funds directed toward green infrastructure investments pipe replacement and upsizing to proactively manage stormwater and reduce flooding risks.
Boston,Specialized Stretch Energy Code,A1286,2024/01,Ongoing,10,City-wide,Energy-efficient Building Refurbishment,Adopted Municipal Opt-in Specialized Stretch Energy Code requiring new construction and major renovations to maximize energy efficiency. Includes Passive House certification requirements for multifamily housing over 12000 square feet supporting building decarbonization goals.
Boston,Large Building Green Energy Retrofits,A1287,2023/06,Ongoing,10,City-wide,Energy-efficient Building Refurbishment,Grant program using American Rescue Plan Act funding to foster energy performance improvements for affordable housing developments. Significantly reduces energy consumption and carbon footprint of existing affordable housing through comprehensive retrofits.
Boston,Protected Bike Lane Expansion,A1288,2022/09,2023/12,15,City-wide,Expansion of Bicycle Paths,Announced 9.4 mile expansion of separated and protected bike lanes providing key connections within existing bike network. Focus on quick-build projects converting paint-only lanes to parking-protected lanes. Designed to fill critical gaps and create low-stress connections for all residents.
Boston,Go Boston 2030 Plan,A1289,2017/03,Ongoing,100,City-wide,Intelligent Traffic Control,Launched comprehensive transportation plan through partnership with Boston Transportation Department. Vision identified goals for accessible safe and reliable transit options. Plan includes over 31 miles of priority bikeway projects and sustainable transportation strategies.
Boston,Tree Planting and Urban Forest,A1290,2020/01,Ongoing,25,City-wide,Green Infrastructure (Carbon Sinks),Boston Tree Alliance provides grants and technical support for tree planting on private land. Public Tree Protection Ordinance signed to advance Urban Forest Plan. Thousands of street and park trees planted to increase canopy coverage and reduce urban heat island effect.
Boston,Electric Vehicle Charging Infrastructure,A1291,2024/06,Ongoing,8,City-wide,Alternative Drive Systems and Sharing Offers,Expanded curbside charging stations for electric vehicles in municipal lots and curbside locations. City procured 20 electric school buses for Boston Public Schools. Program includes exploration of public-private partnerships for additional charging infrastructure.
Portland,Climate Action Plan Adoption,A1292,2015/06,Ongoing,60,City-wide,Sustainable Land Management (Avoidance of Urban Sprawl),Adopted comprehensive Climate Action Plan establishing goal to reduce carbon emissions 40% by 2030 and 80% by 2050 compared to 1990 levels. Plan contains over 170 actions across multiple sectors with focus on transportation buildings and land use.
Portland,Green Street Program,A1293,2008/01,Ongoing,45,City-wide,Green Infrastructure (Carbon Sinks),Developed innovative green street designs for stormwater management integrating eco-roofs bioswales and sustainable landscaping. Program demonstrated cost-effectiveness of keeping stormwater out of sewers compared to building new grey infrastructure. Multiple demonstration projects implemented across city.
Portland,Portland Streetcar System,A1294,2001/07,Ongoing,150,Medium (District/Corridor),Expansion of Public Local Transport,Launched modern streetcar system serving downtown Portland and surrounding neighborhoods. System expanded in multiple phases connecting Pearl District South Waterfront and Central Eastside. Promotes transit-oriented development and reduces vehicle dependence in urban core.
Portland,Bicycle Infrastructure Network,A1295,2010/01,Ongoing,75,City-wide,Expansion of Bicycle Paths,Continuously expanded protected bicycle lanes cycle tracks and neighborhood greenways. Portland achieved national recognition as top cycling city with comprehensive network of low-stress bicycle facilities. Goal established to have 90% of residents use bicycles for short trips.
Portland,Energy Trust of Oregon Programs,A1296,2002/01,Ongoing,125,City-wide,Energy-efficient Building Refurbishment,Implemented comprehensive energy efficiency programs for existing and new multifamily buildings. Programs provide technical guidance weatherization incentives lighting retrofits and equipment upgrades. Targets both building owners and residents with direct install services.
Portland,Portland Clean Energy Fund,A1297,2018/11,Ongoing,750,City-wide,Energy-efficient Building Refurbishment,Established nation's first climate fund created and led by communities of color through ballot measure. Fund generates 44-61 million dollars annually for green jobs healthy homes and climate action. Provides dedicated funding for weatherization projects and renewable energy with focus on frontline communities.
Portland,Post Development Stormwater Ordinance,A1298,2016/01,Ongoing,30,City-wide,Green Infrastructure (Carbon Sinks),Requires green infrastructure on all new and redevelopment projects for both public and private developments. Mandates sustainable stormwater management approaches including bioretention rain gardens and permeable surfaces to reduce runoff and improve water quality.
Portland,Low Carbon Fuel Standard,A1299,2022/01,2030/12,20,City-wide,Alternative Drive Systems and Sharing Offers,Began phasing out petroleum diesel fuel sold at pump replacing with low carbon biofuels by 2030. Program aims to significantly reduce transportation sector emissions while supporting development of renewable fuel infrastructure.
Portland,EV Charging Infrastructure Expansion,A1300,2021/01,Ongoing,35,City-wide,Alternative Drive Systems and Sharing Offers,Expanded public electric vehicle charging stations across city. Required new residential and multidwelling buildings to install necessary conduit for EV charging infrastructure. Program includes rebates and incentives for EV adoption particularly for low and moderate income residents.
Portland,Urban Forest Canopy Program,A1301,2012/01,Ongoing,40,City-wide,Green Infrastructure (Carbon Sinks),Implemented comprehensive tree planting program to increase urban canopy coverage particularly in areas with heat vulnerability. Adopted private tree protection ordinance and allows conservation subdivisions and transfer of development rights to permanently preserve greenspace.
Portland,Transportation System Plan Update,A1302,2020/02,Ongoing,55,City-wide,Expansion of Public Local Transport,Updated comprehensive transportation plan with sustainable strategies and measures specifically benefitting disadvantaged communities. Contains goal to reduce vehicle miles traveled 30% from 2008 levels by 2030. Emphasizes multimodal connectivity and complete streets approach.
Portland,Eco-Roof Program,A1303,2008/01,Ongoing,25,City-wide,Green Infrastructure (Carbon Sinks),Pioneered green roof program promoting installation of vegetated roofs on buildings throughout city. Program provides technical assistance and financial incentives. Green roofs reduce stormwater runoff improve air quality and mitigate urban heat island effect.
Stuttgart,Climate Atlas Development,A1304,2008/01,Ongoing,15,City-wide,Sustainable Land Management (Avoidance of Urban Sprawl),Created comprehensive Climate Atlas for Stuttgart region covering 179 municipalities. Atlas maps temperature distributions cold air flows and air pollution concentrations based on topography and land use. Serves as scientific foundation for all climate planning and zoning decisions.
Stuttgart,Green Ventilation Corridors,A1305,2010/01,Ongoing,45,City-wide,Green Infrastructure (Carbon Sinks),Established protected green corridors through valleys including Nesenbachtal Feuerbachtal Lindenbachtal and Rohrakker valley systems. Corridors channeling cool air from hillsides to densely built urban areas. Development ban implemented in these critical ventilation pathways with minimum 100 meter width.
Stuttgart,Land Use Plan Urban Compact Green,A1306,2010/06,Ongoing,25,City-wide,Sustainable Land Management (Avoidance of Urban Sprawl),Adopted land use plan with motto urban-compact-green prioritizing brownfield over greenfield development in 4:1 ratio. Halted over 60 hectares of planned construction projects to protect green spaces. Plan aims to protect green areas and develop green network through brownfield development.
Stuttgart,Green Roof Mandate Program,A1307,1986/01,Ongoing,80,City-wide,Green Infrastructure (Carbon Sinks),Initiated subsidies for green roofs in 1986 and later mandated them on new developments. Stuttgart became national leader with over 300000 square meters of green roofs installed. Program significantly expanded through climate package 2020-2023 providing additional funding for implementation.
Stuttgart,Tram Track Greening Program,A1308,2012/01,Ongoing,20,City-wide,Green Infrastructure (Carbon Sinks),Planted 63 out of 273 kilometers of tram tracks with oligotrophic grasses creating linear green corridors throughout city. Green tram tracks reduce heat absorption improve air quality and enhance biodiversity while maintaining public transit functionality.
Stuttgart,Climate Package 2020-2023,A1309,2020/01,2023/12,200,City-wide,Green Infrastructure (Carbon Sinks),Allocated 200 million euros extra budget for climate adaptation and mitigation measures. Includes 20 million euros for additional trees hedges and forest conversion. Funded implementation of green facades courtyards and roofs across city to improve adaptation to climate change.
Stuttgart,S-Bahn Network Expansion,A1310,2009/01,Ongoing,650,City-wide,Expansion of Public Local Transport,Expanded Stuttgart S-Bahn rapid transit network with new stations and service improvements. Enhanced regional rail connectivity reducing car dependence. Digital hub Stuttgart project modernizing capacity management and train control systems for improved efficiency.
Stuttgart,Tree Adoption Program,A1311,2015/01,Ongoing,3,City-wide,Green Infrastructure (Carbon Sinks),Paired approximately 500 trees with citizen volunteers who water trees report pest infestations and maintain surrounding areas. Program increases community engagement in urban forestry while ensuring tree health and survival during establishment period.
Stuttgart,Protected Nature Areas,A1312,2010/01,Ongoing,35,City-wide,Green Infrastructure (Carbon Sinks),Protected over 39% of Stuttgart's surface area through nature conservation orders representing highest percentage of protected land of any German city. Protected areas include 5000 hectares of forested land 65000 park trees and 35000 street trees ensuring biodiversity and carbon sequestration.
Stuttgart,Climate Neutrality 2035 Program,A1313,2019/07,Ongoing,200,City-wide,Energy-efficient Building Refurbishment,Adopted Global Climate in Need program with goal to become climate neutral by 2035. Includes over 50 measures for faster implementation of energy and transport transition. Program promotes green initiatives responsible behavior and supports building energy efficiency improvements.
Stuttgart,Underground Public Transport,A1314,2007/01,Ongoing,450,City-wide,Expansion of Public Local Transport,Expanded Stuttgart's underground U-Bahn light rail system with new lines and stations. System integrated with S-Bahn and bus networks providing comprehensive public transit coverage. Reduces surface traffic congestion and encourages modal shift from private vehicles.
Stuttgart,Sustainable Building Standards,A1315,2012/01,Ongoing,40,City-wide,Energy-efficient Building Refurbishment,Implemented enhanced building energy standards requiring climate-optimized design for new construction and major renovations. Standards consider local climate conditions and ventilation requirements. Section of Urban Climatology evaluates climatic implications of all intended developments and larger buildings.
Atlanta,BeltLine Project Development,A1316,2005/01,Ongoing,4800,City-wide,Expansion of Pedestrian Paths,Launched transformative 22-mile loop of multi-use trails parks transit and affordable housing around central Atlanta. Project converts former railroad corridors into connected network of parks and trails. Promotes walkability transit-oriented development and equitable access to greenspace.
Atlanta,MARTA Rail Expansion,A1317,2009/01,Ongoing,650,City-wide,Expansion of Public Local Transport,Expanded Metropolitan Atlanta Rapid Transit Authority rail system with new stations and service improvements. Focus on connecting underserved neighborhoods to downtown employment centers. Investments in station accessibility and system modernization to encourage transit ridership.
Atlanta,Climate Action Plan 2015,A1318,2015/07,Ongoing,75,City-wide,Sustainable Land Management (Avoidance of Urban Sprawl),Adopted comprehensive Climate Action Plan with goal to reduce transportation GHG emissions 40% by 2030 from 2009 levels. Plan addresses buildings industry transportation and land use. Includes measures for energy efficiency renewable energy and sustainable development.
Atlanta,Green Infrastructure Ordinance,A1319,2013/06,Ongoing,55,City-wide,Green Infrastructure (Carbon Sinks),Required green infrastructure on all new development and redevelopment projects for commercial properties and single-family homes. Post-Development Stormwater Management Ordinance mandates bioswales rain gardens permeable pavers and other sustainable stormwater management approaches.
Atlanta,Tree Protection Ordinance,A1320,2017/01,Ongoing,25,City-wide,Green Infrastructure (Carbon Sinks),Passed private tree protection ordinance to preserve existing tree canopy. Allows conservation subdivisions and transfer of development rights that permanently preserve greenspace. Program aims to protect Atlanta's urban forest and maintain ecological benefits.
Atlanta,Livable Centers Initiative,A1321,2010/01,Ongoing,180,Medium (District/Corridor),Sustainable Land Management (Avoidance of Urban Sprawl),Provides planning grants to help communities transform into walkable mixed-use places. Initiative reduces vehicle miles traveled by promoting compact development transit-oriented design and pedestrian-friendly environments. Multiple corridors and centers redesigned throughout metro area.
Atlanta,Regional Transportation Plan,A1322,2020/01,Ongoing,173000,City-wide,Expansion of Public Local Transport,Adopted long-range transportation plan investing billions through 2050 to reduce congestion expand transit and bike-pedestrian options and promote alternative commute modes. Plan addresses worst bottlenecks while supporting modal shift and sustainable transportation.
Atlanta,Transit Electrification Program,A1323,2022/01,Ongoing,125,City-wide,Alternative Drive Systems and Sharing Offers,Developed Regional Transportation Electrification Plan focusing on converting fleet vehicles from diesel to cleaner fuels and electric. Plan includes transition to energy efficient transit railcars and expansion of electric bus fleet. Supports charging infrastructure development.
Atlanta,EV Charging Infrastructure,A1324,2021/01,Ongoing,45,City-wide,Alternative Drive Systems and Sharing Offers,Expanded electric vehicle charging infrastructure throughout metro area. Adopted code provisions requiring residential and non-residential developments to install EV-ready infrastructure. E-bike rebate program launched to provide affordable clean transportation options for low and moderate income individuals.
Atlanta,Zoning Code Modernization,A1325,2017/05,Ongoing,12,City-wide,Sustainable Land Management (Avoidance of Urban Sprawl),Modified zoning code to allow accessory dwelling units by-right in more areas expanding to R-4 and R-4A single-family districts. Eliminated parking minimums for developments within 2640 feet of high capacity transit stops promoting transit-oriented development and density near stations.
Atlanta,Water Department Energy Efficiency,A1326,2019/01,2023/12,85,City-wide,Energy-efficient Building Refurbishment,Implemented large-scale energy-saving performance contracts with Schneider Electric and NORESCO at water and wastewater treatment facilities. Projects delivered energy savings exceeding 10000 MWh annually through conservation measures. RM Clayton facility uses combined heat and power converting waste biogas to energy.
Atlanta,Green Building Initiatives,A1327,2018/01,Ongoing,35,City-wide,Energy-efficient Building Refurbishment,Promoted green building standards and LEED certification for new construction and major renovations. City adopted goal to reduce energy burdens for 10% of households with tracking metrics focused on low-income populations. Programs support energy efficiency improvements in affordable housing.
Miami,MIA Airport Link Extension,A1328,2012/07,2012/08,350,City-wide,Expansion of Public Local Transport,Extended Orange Line with 2.4 mile elevated connector linking Miami International Airport to existing Metrorail network. Connection provides direct rail access between airport and downtown employment centers. Expected to add significant daily passenger trips and reduce vehicle miles traveled to airport.
Miami,Free Trolley Network Expansion,A1329,2011/04,Ongoing,85,City-wide,Expansion of Public Local Transport,Launched free trolley service with multiple routes connecting neighborhoods to Metrorail stations and downtown. System expanded to over ten routes serving residential areas and major destinations. Provides last-mile connectivity and reduces dependence on private vehicles.
Miami,Metromover Fleet Modernization,A1330,2008/06,2014/12,120,City-wide,Alternative Drive Systems and Sharing Offers,Replaced aging Westinghouse vehicles with 29 modern Bombardier Innovia APM automated people movers featuring improved aerodynamics onboard CCTV and energy efficiency. System remains free to ride serving downtown Brickell and Arts District with connections to Metrorail.
Miami,Sustainable Buildings Program,A1331,2008/01,Ongoing,90,City-wide,Energy-efficient Building Refurbishment,Implemented program requiring new county-owned or financed construction to achieve LEED Silver certification and renovations to attain LEED Certified status. Program has certified 23 qualifying projects representing over 2.8 million square feet of green space with estimated 28 million dollars energy savings over 20 years.
Miami,LED Street Light Conversion,A1332,2018/01,2023/03,65,City-wide,Energy-efficient Building Refurbishment,Converted 97% of city streetlights from high-pressure sodium to energy-efficient LED technology in coordination with Florida Power and Light. Program selected boundaries within each district for systematic conversion reducing energy consumption and maintenance costs while improving lighting quality.
Miami,Cool Roof Mandate,A1333,2015/01,Ongoing,8,City-wide,Energy-efficient Building Refurbishment,Adopted mandatory cool roof requirements in city development code requiring reflective roofing materials on new construction and major renovations. Cool roofs reduce heat absorption urban heat island effect and building cooling loads in tropical climate.
Miami,Green Infrastructure Stormwater Policy,A1334,2022/10,Ongoing,150,City-wide,Green Infrastructure (Carbon Sinks),Adopted resolution directing city to require stormwater capital projects to include resilience criteria such as green infrastructure bioswales rain gardens and permeable surfaces. Policy mandates sustainable stormwater management to reduce flooding and improve water quality.
Miami,Private Tree Protection Ordinance,A1335,2018/06,Ongoing,12,City-wide,Green Infrastructure (Carbon Sinks),Passed ordinance protecting existing private trees and urban canopy with requirements for tree preservation during development. Program aims to maintain ecological benefits carbon sequestration and urban cooling provided by mature tree canopy throughout rapidly developing city.
Miami,Miami 21 Form-Based Code,A1336,2010/02,Ongoing,25,City-wide,Sustainable Land Management (Avoidance of Urban Sprawl),Adopted comprehensive form-based zoning code guided by new urbanism and smart growth principles. Code facilitates growth and densification of urban core reducing sprawl encouraging walkability and supporting transit-oriented development patterns.
Miami,Building Energy Benchmarking,A1337,2021/06,Ongoing,15,City-wide,Energy-efficient Building Refurbishment,Passed ordinance requiring buildings over 20000 square feet to benchmark energy performance and report data to EnergyStar Portfolio Manager. Phased implementation begins with buildings over 100000 square feet expanding to smaller buildings by 2025 creating transparency and driving efficiency improvements.
Miami,Underline Linear Park Development,A1338,2019/01,Ongoing,120,Medium (District/Corridor),Expansion of Pedestrian Paths,Transformed 10 mile corridor beneath Metrorail into linear park with walking and biking trails public art fitness stations and native landscaping. First phase opened providing safe pedestrian and cyclist connections through urban neighborhoods while creating green space corridor.
Miami,Biscayne Green Promenade,A1339,2022/09,Ongoing,45,Medium (District/Corridor),Expansion of Pedestrian Paths,Developed pedestrian-friendly promenade along Biscayne Boulevard waterfront with widened sidewalks landscaping seating areas and improved crossings. Project enhances walkability connects downtown to waterfront and encourages non-motorized transportation.
New Orleans,Climate Action Plan Adoption,A1340,2022/12,Ongoing,80,City-wide,Sustainable Land Management (Avoidance of Urban Sprawl),Adopted comprehensive climate action plan establishing net-zero emissions goal by 2050 with interim target of 50% reduction below 2014 levels by 2035. Plan contains over 170 actions across transportation buildings waste and energy sectors with focus on equity and resilience.
New Orleans,Electric Vehicle Fleet Transition,A1341,2023/01,Ongoing,55,City-wide,Alternative Drive Systems and Sharing Offers,Passed ordinance requiring city to only purchase electric or fuel-efficient vehicles starting 2023 with complete phase-out of internal combustion engine purchases by 2025. Target established for 75% of city-owned vehicles to be low or no-emission by 2035. City purchased first 10 battery electric vehicles in 2023.
New Orleans,LED Streetlight Replacement,A1342,2020/01,Ongoing,95,City-wide,Energy-efficient Building Refurbishment,Initiated comprehensive outdoor lighting replacement program converting 75% of publicly owned streetlights from traditional to energy-efficient LED technology. Program reduces electricity consumption maintenance costs and light pollution while improving visibility and safety.
New Orleans,LEED Gold Building Standard,A1343,2022/07,Ongoing,18,City-wide,Energy-efficient Building Refurbishment,Passed ordinance requiring certain city office administration and headquarters buildings to achieve LEED Gold certification for new construction and major renovations. Standard promotes energy efficiency water conservation and sustainable building practices in public facilities.
New Orleans,EV Charging Infrastructure,A1344,2023/07,Ongoing,35,City-wide,Alternative Drive Systems and Sharing Offers,Mandated commercial new construction to be EV-ready with necessary electrical infrastructure and charging stations. Program includes installation of public charging stations and incentives for EV adoption particularly targeting low and moderate income residents.
New Orleans,75-Mile Bikeway Network,A1345,2020/06,Ongoing,65,City-wide,Expansion of Bicycle Paths,Launched ambitious plan to create 75-mile protected bikeway network connecting neighborhoods with bike lanes cycle tracks and shared-use paths. Initial phases added protected lanes throughout city though some controversial segments later removed. Network designed to provide safe low-stress cycling connections.
New Orleans,Build It Back Green Program,A1346,2009/01,2015/12,125,City-wide,Energy-efficient Building Refurbishment,Launched post-Katrina program providing over 20000 low-income residents with free technical assistance on energy-efficient storm-resistant and healthy home improvements. Program retrofitted 170 single family homes through NOLA Wise partnership saving combined 763170 kilowatt hours annually.
New Orleans,Holy Cross Green Housing Project,A1347,2010/06,2012/08,45,Pilot,Energy-efficient Building Refurbishment,Constructed five LEED Platinum passive energy single family homes in Lower Ninth Ward demonstrating sustainable affordable housing. Homes feature solar power structural insulated panels bioswales and advanced weatherization with monthly utility bills averaging under 30 dollars. Project serves as model for climate-resilient rebuilding.
New Orleans,Water Wise Green Infrastructure,A1348,2012/01,Ongoing,40,City-wide,Green Infrastructure (Carbon Sinks),Launched education and implementation program teaching residents DIY green infrastructure methods including bioswales rain gardens and permeable surfaces. Program reduces flooding prevents subsidence protects Lake Pontchartrain water quality and beautifies neighborhoods through distributed stormwater management.
New Orleans,Finance Authority Green Loans,A1349,2019/01,Ongoing,85,City-wide,Energy-efficient Building Refurbishment,Shifted Finance Authority of New Orleans lending model to exclusively provide loans for properties installing energy efficiency solar or green infrastructure resilience upgrades. Program provides accessible financing for weatherization renewable energy and climate adaptation improvements.
New Orleans,Public Transit Efficiency Initiative,A1350,2022/01,Ongoing,120,City-wide,Expansion of Public Local Transport,Redesigned public transportation routes to operate more efficiently and reliably with goal to reduce annual transportation emissions by over one million metric tons of CO2. Plan prioritizes connecting mass transit to regional jobs and services while improving infrastructure for non-car transportation.
New Orleans,Urban Tree Planting Program,A1351,2020/01,Ongoing,28,City-wide,Green Infrastructure (Carbon Sinks),Implemented comprehensive tree planting program with goal to plant 7500 trees throughout region to cool urban areas reduce energy costs and improve air quality. Program targets areas with heat vulnerability and provides shade canopy to combat urban heat island effect.
Kiel,Master Plan 100% Climate Protection,A1352,2020/01,Ongoing,180,City-wide,Sustainable Land Management (Avoidance of Urban Sprawl),Adopted comprehensive master plan committing to 100% climate protection with goal of becoming climate neutral by 2030. Plan contains extensive measures across all sectors including transport buildings energy and land use with focus on citizen participation and renewable energy transition.
Kiel,Port Shore Power Infrastructure,A1353,2019/05,Ongoing,95,City-wide,Alternative Drive Systems and Sharing Offers,Installed shore power systems at Norwegenkai and Ostseekai enabling ferries and cruise ships to connect to renewable electricity while docked eliminating emissions during port stays. Port covers 100% of electricity requirements from German wind and solar since 2014. System allows climate-neutral handling of cruise calls.
Kiel,Port Fleet Electrification,A1354,2018/01,Ongoing,45,Medium (District/Corridor),Alternative Drive Systems and Sharing Offers,Converted port cargo handling vehicles and employee fleet from diesel to electric drives. Electrification includes material handling equipment terminal tractors and administrative vehicles powered by renewable energy. Program significantly reduces emissions from port operations.
Kiel,Cycle Path Network Expansion,A1355,2015/01,Ongoing,55,City-wide,Expansion of Bicycle Paths,Continuously expanded bicycle infrastructure throughout city with protected lanes cycle tracks and improved connections. City actively promotes environmentally friendly cycling with comprehensive network of facilities. Kiel University awarded ADFC Gold Bicycle-Friendly Employer for commitment to cycling infrastructure and services.
Kiel,Light Rail System Planning,A1356,2021/06,Ongoing,850,City-wide,Expansion of Public Local Transport,Developed plans to connect university campus and city center to regional light rail system as part of Mobility 2030 strategy. Project will provide high-capacity transit connection handling 27500 students and 4000 employees with environmentally friendly efficient and safe mobility.
Kiel,Climate Emergency Declaration,A1357,2019/06,Ongoing,75,City-wide,Sustainable Land Management (Avoidance of Urban Sprawl),Declared climate emergency and implemented accelerated measures from master plan including enhanced focus on sustainable mobility green infrastructure and energy transition. Declaration led to significant reduction in CO2 emissions in 2020 and 2021 with city making considerable progress toward climate neutrality goals.
Kiel,Traffic Calming and Pedestrianization,A1358,2016/01,Ongoing,38,City-wide,Expansion of Pedestrian Paths,Expanded pedestrian zones throughout city center and implemented traffic calming measures to prioritize walking and cycling over private vehicle use. Enhanced pedestrian infrastructure with widened sidewalks improved crossings and car-free zones promoting sustainable urban mobility.
Kiel,Port Digital Test Field,A1359,2020/06,Ongoing,42,Medium (District/Corridor),Intelligent Traffic Control,Established digital test field in port with funding from Federal Ministry of Transport and Digital Infrastructure to make freight terminal processes more efficient through smart technologies. System optimizes cargo handling reduces idle times and minimizes emissions through intelligent traffic and logistics management.
Kiel,Energy-Efficient Port Buildings,A1360,2017/01,Ongoing,62,Medium (District/Corridor),Energy-efficient Building Refurbishment,Upgraded port real estate and facilities with LED lighting energy-optimized building technology and renewable power integration. Buildings utilize 100% renewable electricity from wind and solar with focus on reducing operational energy consumption and carbon footprint.
Kiel,Urban Green Space Protection,A1361,2018/06,Ongoing,30,City-wide,Green Infrastructure (Carbon Sinks),Implemented policies protecting and promoting existing green spaces through careful inner-city densification and innovative land use concepts. City balances urban development with environmental protection preserving positive bioclimatic conditions in residential areas while improving climate in built-up regions.
Kiel,European Energy Award Certification,A1362,2019/01,Ongoing,15,City-wide,Energy-efficient Building Refurbishment,Participated in European Energy Award independent quality assurance and certification system for municipal energy and climate protection activities. Regular assessments and certifications ensure goals are achieved and continuously improved demonstrating commitment to systematic climate action.
Kiel,Electromobility Infrastructure,A1363,2020/01,Ongoing,48,City-wide,Alternative Drive Systems and Sharing Offers,Expanded electric vehicle charging infrastructure throughout city with stations at public locations port facilities and university campus. Infrastructure supports transition to electric mobility for both private vehicles and public transport fleets powered by renewable energy sources.
Heidelberg,Climate Protection Concept 1992,A1364,1992/06,Ongoing,45,City-wide,Sustainable Land Management (Avoidance of Urban Sprawl),Became first German city to develop comprehensive climate protection concept with packages of measures for specific target groups. Concept established Environmental Protection Office allocated additional staff and set framework for decades of systematic climate action. Updated in 2004 2008 and 2014.
Heidelberg,Bahnstadt Passive House District,A1365,2010/01,2022/12,2000,City-wide,Energy-efficient Building Refurbishment,Developed world's largest passive house district on 116 hectare former freight yard with 6500 residents. All buildings constructed to ultra-low energy passive house standards achieving annual CO2 emissions of just 0.13 tonnes per inhabitant compared to city average of 2.0 tonnes. Investment totaled 2 billion euros.
Heidelberg,Wood-Fired CHP Plant,A1366,2013/06,Ongoing,85,City-wide,Alternative Drive Systems and Sharing Offers,Constructed dedicated wood chip-powered combined heat and power plant for Bahnstadt district providing 24 million kWh electricity annually. Pfaffengrund facility supplies 14% of district heating network annual requirement saving 32000 tonnes CO2 per year while achieving 20% renewable energy in heating network.
Heidelberg,Bahnstadt Tram Extension,A1367,2014/12,2015/01,65,Medium (District/Corridor),Expansion of Public Local Transport,Extended tramline to include three new stops in Bahnstadt district connecting sustainable neighborhood directly to city center and broader public transit network. Extension promotes transit use reduces car dependence and supports transit-oriented development in new district.
Heidelberg,Bahnstadt Cycle Path Network,A1368,2014/06,Ongoing,18,Medium (District/Corridor),Expansion of Bicycle Paths,Created 3.5 kilometers of new protected cycle paths connecting Bahnstadt district with city center and other neighborhoods. Network includes dedicated bicycle parking facilities and services encouraging residents to choose cycling over driving. Infrastructure designed to provide safe low-stress cycling environment.
Heidelberg,Green Roof Program Bahnstadt,A1369,2012/01,Ongoing,35,City-wide,Green Infrastructure (Carbon Sinks),Mandated green roofs on 66% of Bahnstadt buildings providing habitat for wildlife reducing flood risk through rainwater retention and mitigating urban heat island effect. City pioneered green roof subsidies in 1986 becoming national leader with over 300000 square meters installed citywide.
Heidelberg,Low Energy Building Standards,A1370,2010/01,Ongoing,25,City-wide,Energy-efficient Building Refurbishment,Adopted strict electricity consumption standards for new municipal buildings at 66 kilowatt hours per square meter annually exceeding national requirements. Standards apply to building plots sold by municipality and include requirements for solar panels on roofs promoting energy-efficient construction.
Heidelberg,Housing Cooperative Retrofits,A1371,2012/01,2016/12,95,City-wide,Energy-efficient Building Refurbishment,Subsidized 400 external wall and roof insulation projects within housing cooperatives representing 15% of city living space built 1950-1970. Retrofits included higher efficiency standards renewable energy integration achieving savings of 27000 tonnes CO2 over four years while supporting low-income households.
Heidelberg,Traffic Calming Kirchheim,A1372,2008/01,Ongoing,32,Medium (District/Corridor),Expansion of Pedestrian Paths,Implemented comprehensive traffic calming in Kirchheim neighborhood with increased pedestrian and bicycle infrastructure reduced roadway space for cars and speed limits as low as 7 kilometers per hour. Program produced 31% reduction in accidents and 44% decline in casualties while encouraging active transportation.
Heidelberg,Solar Campaign Program,A1373,2018/03,Ongoing,42,City-wide,Alternative Drive Systems and Sharing Offers,Launched comprehensive solar campaign targeting builders homeowners and condominiums with advice on energy efficiency solar panel installation battery storage and financing. Program provided by consultants trained through Heidelberg Climate Protection and Energy Consulting Agency supporting local solar economy development.
Heidelberg,Urban Greenbelt Protection,A1374,1997/01,Ongoing,28,City-wide,Sustainable Land Management (Avoidance of Urban Sprawl),Adopted Old Heidelberg protective statute preserving surrounding hills castle and old town. Policy concentrates growth near city center and along public transportation routes promoting infill development and brownfield redevelopment. Protected greenbelt provides recreation biodiversity and climate regulation.
Heidelberg,Passive House Subsidy Program,A1375,2014/01,Ongoing,52,City-wide,Energy-efficient Building Refurbishment,Offered subsidies up to 12500 euros for conversion of homes to passive energy standards supporting low-income households to achieve energy savings. Program promotes ultra-efficient building retrofits significantly reducing heating and cooling loads while improving comfort and reducing carbon emissions.
